MapDate,StateAbbreviation,None,D0,D1,D2,D3,D4,ValidStart,ValidEnd,StatisticFormatID
20240227,CO,63.34,36.66,10.68,3.52,0.00,0.00,2024-02-27,2024-03-04,1
20240220,CO,63.34,36.66,10.68,3.52,0.00,0.00,2024-02-20,2024-02-26,1
20240213,CO,63.20,36.80,11.65,3.52,0.00,0.00,2024-02-13,2024-02-19,1
20240206,CO,59.57,40.43,20.56,5.21,1.95,0.00,2024-02-06,2024-02-12,1
20240130,CO,41.97,58.03,27.83,6.69,2.05,0.00,2024-01-30,2024-02-05,1
20240123,CO,39.26,60.74,27.83,6.69,2.05,0.00,2024-01-23,2024-01-29,1
20240116,CO,38.12,61.88,27.83,6.72,2.05,0.00,2024-01-16,2024-01-22,1
20240109,CO,33.39,66.61,30.08,9.78,2.05,0.00,2024-01-09,2024-01-15,1
20240102,CO,34.65,65.35,29.59,8.85,2.05,0.00,2024-01-02,2024-01-08,1
20231226,CO,36.69,63.31,25.85,8.85,2.05,0.00,2023-12-26,2024-01-01,1
20231219,CO,35.09,64.91,26.18,8.85,2.05,0.00,2023-12-19,2023-12-25,1
20231212,CO,36.08,63.92,25.86,8.85,2.05,0.00,2023-12-12,2023-12-18,1
20231205,CO,31.72,68.28,26.91,7.32,2.05,0.00,2023-12-05,2023-12-11,1
20231128,CO,32.94,67.06,27.27,8.32,2.05,0.00,2023-11-28,2023-12-04,1
20231121,CO,43.02,56.98,26.90,6.88,1.31,0.00,2023-11-21,2023-11-27,1
20231114,CO,47.66,52.34,26.90,6.87,1.31,0.00,2023-11-14,2023-11-20,1
20231107,CO,54.26,45.74,26.78,6.48,0.00,0.00,2023-11-07,2023-11-13,1
20231031,CO,58.00,42.00,21.66,3.73,0.00,0.00,2023-10-31,2023-11-06,1
20231024,CO,57.87,42.13,22.23,4.43,0.00,0.00,2023-10-24,2023-10-30,1
20231017,CO,60.67,39.33,20.05,4.43,0.00,0.00,2023-10-17,2023-10-23,1
20231010,CO,59.01,40.99,21.07,4.43,0.00,0.00,2023-10-10,2023-10-16,1
20231003,CO,62.37,37.63,20.14,3.54,0.00,0.00,2023-10-03,2023-10-09,1
20230926,CO,65.71,34.29,17.43,2.77,0.00,0.00,2023-09-26,2023-10-02,1
20230919,CO,70.81,29.19,15.77,2.77,0.00,0.00,2023-09-19,2023-09-25,1
20230912,CO,68.92,31.08,15.77,2.77,0.00,0.00,2023-09-12,2023-09-18,1
20230905,CO,68.94,31.06,15.77,2.77,0.00,0.00,2023-09-05,2023-09-11,1
20230829,CO,70.68,29.32,13.97,0.93,0.00,0.00,2023-08-29,2023-09-04,1
20230822,CO,69.61,30.39,15.67,1.52,0.00,0.00,2023-08-22,2023-08-28,1
20230815,CO,71.82,28.18,15.04,0.00,0.00,0.00,2023-08-15,2023-08-21,1
20230808,CO,73.20,26.80,12.42,0.00,0.00,0.00,2023-08-08,2023-08-14,1
20230801,CO,73.32,26.68,4.58,0.00,0.00,0.00,2023-08-01,2023-08-07,1
20230725,CO,75.57,24.43,1.81,0.00,0.00,0.00,2023-07-25,2023-07-31,1
20230718,CO,79.95,20.05,0.00,0.00,0.00,0.00,2023-07-18,2023-07-24,1
20230711,CO,100.00,0.00,0.00,0.00,0.00,0.00,2023-07-11,2023-07-17,1
20230704,CO,100.00,0.00,0.00,0.00,0.00,0.00,2023-07-04,2023-07-10,1
20230627,CO,98.11,1.89,0.00,0.00,0.00,0.00,2023-06-27,2023-07-03,1
20230620,CO,96.93,3.07,0.00,0.00,0.00,0.00,2023-06-20,2023-06-26,1
20230613,CO,92.94,7.06,0.42,0.00,0.00,0.00,2023-06-13,2023-06-19,1
20230606,CO,83.43,16.57,1.07,0.24,0.00,0.00,2023-06-06,2023-06-12,1
20230530,CO,76.28,23.72,6.34,1.08,0.24,0.00,2023-05-30,2023-06-05,1
20230523,CO,71.93,28.07,7.83,2.53,0.81,0.08,2023-05-23,2023-05-29,1
20230516,CO,54.68,45.32,10.76,2.91,1.15,0.31,2023-05-16,2023-05-22,1
20230509,CO,41.67,58.33,29.51,8.92,1.15,0.32,2023-05-09,2023-05-15,1
20230502,CO,44.07,55.93,29.63,8.07,1.15,0.32,2023-05-02,2023-05-08,1
20230425,CO,44.07,55.93,44.01,14.50,4.52,0.43,2023-04-25,2023-05-01,1
20230418,CO,44.07,55.93,44.01,14.50,4.52,0.43,2023-04-18,2023-04-24,1
20230411,CO,48.25,51.75,39.85,14.50,4.52,0.43,2023-04-11,2023-04-17,1
20230404,CO,52.49,47.51,37.88,12.75,2.24,0.43,2023-04-04,2023-04-10,1
20230328,CO,51.97,48.03,35.94,9.05,2.24,0.43,2023-03-28,2023-04-03,1
20230321,CO,46.56,53.44,36.22,9.05,2.00,0.16,2023-03-21,2023-03-27,1
20230314,CO,46.03,53.97,36.48,9.05,2.00,0.16,2023-03-14,2023-03-20,1
20230307,CO,44.74,55.26,36.48,7.94,2.00,0.16,2023-03-07,2023-03-13,1
20230228,CO,45.67,54.33,37.42,7.94,2.00,0.16,2023-02-28,2023-03-06,1
20230221,CO,44.81,55.19,37.42,7.94,2.00,0.16,2023-02-21,2023-02-27,1
20230214,CO,41.35,58.65,37.42,12.29,2.00,0.16,2023-02-14,2023-02-20,1
20230207,CO,41.33,58.67,37.42,12.29,1.99,0.16,2023-02-07,2023-02-13,1
20230131,CO,45.65,54.35,35.58,11.18,1.87,0.04,2023-01-31,2023-02-06,1
20230124,CO,43.18,56.82,35.58,11.18,1.87,0.04,2023-01-24,2023-01-30,1
20230117,CO,42.21,57.79,37.15,12.28,2.28,0.04,2023-01-17,2023-01-23,1
20230110,CO,39.98,60.02,35.67,12.28,2.28,0.04,2023-01-10,2023-01-16,1
20230103,CO,39.97,60.03,33.83,12.28,1.91,0.01,2023-01-03,2023-01-09,1
20221227,CO,13.75,86.25,42.37,30.79,3.23,0.53,2022-12-27,2023-01-02,1
20221220,CO,16.26,83.74,43.34,30.79,3.23,0.53,2022-12-20,2022-12-26,1
20221213,CO,16.26,83.74,43.34,30.79,4.35,0.58,2022-12-13,2022-12-19,1
20221206,CO,16.26,83.74,43.34,31.27,4.35,0.58,2022-12-06,2022-12-12,1
20221129,CO,16.25,83.75,47.20,23.68,4.34,0.57,2022-11-29,2022-12-05,1
20221122,CO,16.27,83.73,49.35,25.20,4.34,0.57,2022-11-22,2022-11-28,1
20221115,CO,16.91,83.09,48.60,23.69,3.29,0.57,2022-11-15,2022-11-21,1
20221108,CO,16.91,83.09,46.94,23.13,3.29,0.57,2022-11-08,2022-11-14,1
20221101,CO,16.91,83.09,46.57,14.28,3.13,0.57,2022-11-01,2022-11-07,1
20221025,CO,17.78,82.22,48.66,14.56,3.13,0.57,2022-10-25,2022-10-31,1
20221018,CO,23.00,77.00,43.01,14.02,3.09,0.57,2022-10-18,2022-10-24,1
20221011,CO,23.00,77.00,43.01,13.55,3.09,0.57,2022-10-11,2022-10-17,1
20221004,CO,24.95,75.05,43.62,13.41,3.16,0.57,2022-10-04,2022-10-10,1
20220927,CO,15.46,84.54,45.65,15.47,3.73,0.57,2022-09-27,2022-10-03,1
20220920,CO,15.72,84.28,47.84,17.53,3.91,0.57,2022-09-20,2022-09-26,1
20220913,CO,15.72,84.28,46.41,16.97,3.91,0.57,2022-09-13,2022-09-19,1
20220906,CO,15.72,84.28,46.41,16.95,3.91,0.59,2022-09-06,2022-09-12,1
20220830,CO,13.14,86.86,46.41,16.96,4.17,0.59,2022-08-30,2022-09-05,1
20220823,CO,12.67,87.33,56.65,22.68,4.70,0.58,2022-08-23,2022-08-29,1
20220816,CO,8.24,91.76,57.92,23.67,5.04,0.58,2022-08-16,2022-08-22,1
20220809,CO,8.24,91.76,58.22,26.92,4.98,0.58,2022-08-09,2022-08-15,1
20220802,CO,3.27,96.73,61.57,30.50,4.95,0.00,2022-08-02,2022-08-08,1
20220726,CO,2.78,97.22,79.49,37.00,4.95,0.00,2022-07-26,2022-08-01,1
20220719,CO,2.78,97.22,82.26,40.36,4.91,0.00,2022-07-19,2022-07-25,1
20220712,CO,1.52,98.48,82.84,31.59,4.88,0.00,2022-07-12,2022-07-18,1
20220705,CO,1.52,98.48,82.84,44.60,5.06,0.07,2022-07-05,2022-07-11,1
20220628,CO,1.17,98.83,86.07,44.87,5.90,0.23,2022-06-28,2022-07-04,1
20220621,CO,1.09,98.91,81.55,43.08,12.76,0.23,2022-06-21,2022-06-27,1
20220614,CO,1.09,98.91,81.75,42.97,15.89,0.23,2022-06-14,2022-06-20,1
20220607,CO,1.09,98.91,83.55,42.56,13.27,0.78,2022-06-07,2022-06-13,1
20220531,CO,1.09,98.91,87.50,57.03,15.50,0.99,2022-05-31,2022-06-06,1
20220524,CO,0.00,100.00,89.73,59.61,18.12,2.61,2022-05-24,2022-05-30,1
20220517,CO,0.00,100.00,93.46,63.89,22.98,2.61,2022-05-17,2022-05-23,1
20220510,CO,0.00,100.00,91.50,57.44,5.81,1.20,2022-05-10,2022-05-16,1
20220503,CO,0.00,100.00,90.98,47.58,4.46,0.53,2022-05-03,2022-05-09,1
20220426,CO,0.00,100.00,88.57,47.62,4.46,0.53,2022-04-26,2022-05-02,1
20220419,CO,0.00,100.00,86.78,33.13,4.45,0.53,2022-04-19,2022-04-25,1
20220412,CO,0.00,100.00,82.90,31.94,4.32,0.53,2022-04-12,2022-04-18,1
20220405,CO,0.00,100.00,82.85,31.94,4.32,0.13,2022-04-05,2022-04-11,1
20220329,CO,0.00,100.00,82.85,33.50,7.11,0.13,2022-03-29,2022-04-04,1
20220322,CO,0.00,100.00,82.83,33.50,7.11,0.13,2022-03-22,2022-03-28,1
20220315,CO,0.00,100.00,91.57,56.87,8.30,0.13,2022-03-15,2022-03-21,1
20220308,CO,0.00,100.00,91.57,57.26,6.10,0.13,2022-03-08,2022-03-14,1
20220301,CO,0.00,100.00,91.57,57.26,8.27,0.09,2022-03-01,2022-03-07,1
20220222,CO,0.00,100.00,90.41,58.82,8.55,0.00,2022-02-22,2022-02-28,1
20220215,CO,0.00,100.00,90.41,59.81,8.55,0.00,2022-02-15,2022-02-21,1
20220208,CO,0.00,100.00,88.17,62.00,8.55,0.00,2022-02-08,2022-02-14,1
20220201,CO,0.00,100.00,88.17,65.07,19.09,0.00,2022-02-01,2022-02-07,1
20220125,CO,0.00,100.00,88.32,65.93,20.68,0.00,2022-01-25,2022-01-31,1
20220118,CO,0.00,100.00,88.32,65.93,19.70,0.00,2022-01-18,2022-01-24,1
20220111,CO,0.00,100.00,88.32,65.93,20.59,0.00,2022-01-11,2022-01-17,1
20220104,CO,0.00,100.00,95.49,67.08,22.25,0.00,2022-01-04,2022-01-10,1
20211228,CO,0.00,100.00,100.00,67.27,22.21,0.00,2021-12-28,2022-01-03,1
20211221,CO,0.00,100.00,99.83,76.97,22.00,0.00,2021-12-21,2021-12-27,1
20211214,CO,0.00,100.00,99.86,67.90,19.18,0.00,2021-12-14,2021-12-20,1
20211207,CO,0.00,100.00,99.87,67.85,19.18,0.00,2021-12-07,2021-12-13,1
20211130,CO,0.00,100.00,95.45,52.30,14.34,0.00,2021-11-30,2021-12-06,1
20211123,CO,0.00,100.00,88.10,40.83,8.75,0.00,2021-11-23,2021-11-29,1
20211116,CO,2.51,97.49,77.70,39.35,6.10,0.00,2021-11-16,2021-11-22,1
20211109,CO,4.39,95.61,76.77,33.45,6.93,0.00,2021-11-09,2021-11-15,1
20211102,CO,4.44,95.56,76.77,30.46,6.93,0.00,2021-11-02,2021-11-08,1
20211026,CO,4.44,95.56,74.89,29.73,11.13,1.95,2021-10-26,2021-11-01,1
20211019,CO,5.19,94.81,65.99,29.44,13.63,1.95,2021-10-19,2021-10-25,1
20211012,CO,5.26,94.74,65.99,29.29,13.63,1.95,2021-10-12,2021-10-18,1
20211005,CO,10.34,89.66,54.10,26.59,12.97,1.95,2021-10-05,2021-10-11,1
20210928,CO,12.72,87.28,46.42,26.30,15.05,3.91,2021-09-28,2021-10-04,1
20210921,CO,16.92,83.08,40.94,24.58,15.05,3.91,2021-09-21,2021-09-27,1
20210914,CO,34.60,65.40,37.06,24.48,15.05,3.91,2021-09-14,2021-09-20,1
20210907,CO,47.43,52.57,36.47,24.48,15.05,3.91,2021-09-07,2021-09-13,1
20210831,CO,49.43,50.57,36.47,24.44,15.05,3.91,2021-08-31,2021-09-06,1
20210824,CO,49.27,50.73,36.61,24.44,15.05,3.91,2021-08-24,2021-08-30,1
20210817,CO,48.62,51.38,37.23,28.04,20.37,6.38,2021-08-17,2021-08-23,1
20210810,CO,53.18,46.82,34.43,28.04,20.37,6.38,2021-08-10,2021-08-16,1
20210803,CO,56.64,43.36,34.52,29.61,20.96,6.38,2021-08-03,2021-08-09,1
20210727,CO,56.19,43.81,38.16,32.98,26.82,15.43,2021-07-27,2021-08-02,1
20210720,CO,54.43,45.57,41.02,36.23,28.15,18.32,2021-07-20,2021-07-26,1
20210713,CO,54.44,45.56,40.99,36.23,29.94,18.32,2021-07-13,2021-07-19,1
20210706,CO,54.48,45.52,41.51,36.37,29.95,17.52,2021-07-06,2021-07-12,1
20210629,CO,54.48,45.52,41.62,36.37,29.95,17.52,2021-06-29,2021-07-05,1
20210622,CO,54.41,45.59,41.62,36.37,30.35,17.73,2021-06-22,2021-06-28,1
20210615,CO,54.98,45.02,41.42,35.54,29.86,17.53,2021-06-15,2021-06-21,1
20210608,CO,54.98,45.02,41.42,35.54,29.15,17.53,2021-06-08,2021-06-14,1
20210601,CO,51.10,48.90,43.36,35.53,29.15,16.39,2021-06-01,2021-06-07,1
20210525,CO,33.83,66.17,46.22,35.53,29.15,16.39,2021-05-25,2021-05-31,1
20210518,CO,23.30,76.70,51.80,39.29,28.96,16.39,2021-05-18,2021-05-24,1
20210511,CO,13.05,86.95,75.19,43.27,29.45,16.39,2021-05-11,2021-05-17,1
20210504,CO,7.84,92.16,79.86,51.85,31.01,16.39,2021-05-04,2021-05-10,1
20210427,CO,1.19,98.81,89.13,60.45,32.13,16.68,2021-04-27,2021-05-03,1
20210420,CO,1.19,98.81,89.13,60.45,32.13,14.65,2021-04-20,2021-04-26,1
20210413,CO,0.00,100.00,92.31,61.69,32.13,14.65,2021-04-13,2021-04-19,1
20210406,CO,0.00,100.00,92.31,61.69,32.13,14.65,2021-04-06,2021-04-12,1
20210330,CO,0.00,100.00,92.31,61.69,32.13,14.65,2021-03-30,2021-04-05,1
20210323,CO,0.00,100.00,92.62,62.13,32.13,15.10,2021-03-23,2021-03-29,1
20210316,CO,0.00,100.00,95.76,71.47,38.64,15.10,2021-03-16,2021-03-22,1
20210309,CO,0.00,100.00,98.57,88.76,56.64,15.89,2021-03-09,2021-03-15,1
20210302,CO,0.00,100.00,98.57,88.76,56.66,15.89,2021-03-02,2021-03-08,1
20210223,CO,0.00,100.00,98.57,88.76,56.93,15.89,2021-02-23,2021-03-01,1
20210216,CO,0.00,100.00,100.00,90.24,58.91,17.78,2021-02-16,2021-02-22,1
20210209,CO,0.00,100.00,100.00,90.24,70.11,24.79,2021-02-09,2021-02-15,1
20210202,CO,0.00,100.00,100.00,90.24,70.73,24.79,2021-02-02,2021-02-08,1
20210126,CO,0.00,100.00,100.00,90.65,73.11,24.91,2021-01-26,2021-02-01,1
20210119,CO,0.00,100.00,100.00,91.06,73.63,27.59,2021-01-19,2021-01-25,1
20210112,CO,0.00,100.00,100.00,91.03,73.63,27.59,2021-01-12,2021-01-18,1
20210105,CO,0.00,100.00,100.00,93.73,76.17,27.60,2021-01-05,2021-01-11,1
20201229,CO,0.00,100.00,100.00,93.73,76.17,27.60,2020-12-29,2021-01-04,1
20201222,CO,0.00,100.00,100.00,93.73,76.17,27.60,2020-12-22,2020-12-28,1
20201215,CO,0.00,100.00,100.00,93.73,76.17,27.60,2020-12-15,2020-12-21,1
20201208,CO,0.00,100.00,100.00,93.71,76.17,27.60,2020-12-08,2020-12-14,1
20201201,CO,0.00,100.00,100.00,93.71,74.68,26.71,2020-12-01,2020-12-07,1
20201124,CO,0.00,100.00,100.00,93.71,74.63,27.22,2020-11-24,2020-11-30,1
20201117,CO,0.00,100.00,100.00,93.71,74.08,27.22,2020-11-17,2020-11-23,1
20201110,CO,0.00,100.00,100.00,93.71,74.08,24.64,2020-11-10,2020-11-16,1
20201103,CO,0.00,100.00,100.00,93.71,74.08,24.39,2020-11-03,2020-11-09,1
20201027,CO,0.00,100.00,100.00,97.26,75.91,21.82,2020-10-27,2020-11-02,1
20201020,CO,0.00,100.00,100.00,97.26,77.72,21.82,2020-10-20,2020-10-26,1
20201013,CO,0.00,100.00,100.00,97.23,59.23,16.72,2020-10-13,2020-10-19,1
20201006,CO,0.00,100.00,99.30,90.39,59.23,16.72,2020-10-06,2020-10-12,1
20200929,CO,0.00,100.00,99.29,89.35,52.88,2.64,2020-09-29,2020-10-05,1
20200922,CO,0.00,100.00,98.61,87.77,50.10,0.38,2020-09-22,2020-09-28,1
20200915,CO,0.00,100.00,98.60,88.89,50.10,0.38,2020-09-15,2020-09-21,1
20200908,CO,0.00,100.00,98.83,92.27,54.82,0.38,2020-09-08,2020-09-14,1
20200901,CO,0.00,100.00,98.80,91.55,36.85,0.38,2020-09-01,2020-09-07,1
20200825,CO,0.00,100.00,98.26,93.29,36.52,0.38,2020-08-25,2020-08-31,1
20200818,CO,0.00,100.00,98.76,72.69,27.31,0.00,2020-08-18,2020-08-24,1
20200811,CO,0.00,100.00,93.87,61.43,23.66,0.00,2020-08-11,2020-08-17,1
20200804,CO,0.00,100.00,85.88,58.79,26.64,0.00,2020-08-04,2020-08-10,1
20200728,CO,0.65,99.35,83.72,58.79,26.64,0.00,2020-07-28,2020-08-03,1
20200721,CO,2.95,97.05,73.99,60.34,31.77,0.00,2020-07-21,2020-07-27,1
20200714,CO,4.64,95.36,70.20,57.84,36.91,0.00,2020-07-14,2020-07-20,1
20200707,CO,15.67,84.33,69.18,55.41,34.07,0.00,2020-07-07,2020-07-13,1
20200630,CO,15.67,84.33,67.96,56.23,34.07,1.37,2020-06-30,2020-07-06,1
20200623,CO,17.21,82.79,67.96,56.23,32.96,0.00,2020-06-23,2020-06-29,1
20200616,CO,18.40,81.60,65.91,55.41,32.96,0.00,2020-06-16,2020-06-22,1
20200609,CO,23.22,76.78,63.64,49.38,25.49,0.00,2020-06-09,2020-06-15,1
20200602,CO,23.22,76.78,63.50,47.08,19.46,0.00,2020-06-02,2020-06-08,1
20200526,CO,23.22,76.78,65.20,43.76,17.52,0.00,2020-05-26,2020-06-01,1
20200519,CO,23.22,76.78,65.20,46.31,17.52,0.00,2020-05-19,2020-05-25,1
20200512,CO,20.76,79.24,62.66,46.08,14.65,0.00,2020-05-12,2020-05-18,1
20200505,CO,23.79,76.21,61.83,40.72,11.34,0.00,2020-05-05,2020-05-11,1
20200428,CO,24.47,75.53,56.64,32.72,0.00,0.00,2020-04-28,2020-05-04,1
20200421,CO,33.26,66.74,53.58,28.51,0.00,0.00,2020-04-21,2020-04-27,1
20200414,CO,33.26,66.74,53.23,12.88,0.00,0.00,2020-04-14,2020-04-20,1
20200407,CO,35.36,64.64,47.33,6.50,0.00,0.00,2020-04-07,2020-04-13,1
20200331,CO,32.23,67.77,47.33,3.25,0.00,0.00,2020-03-31,2020-04-06,1
20200324,CO,30.32,69.68,45.87,3.25,0.00,0.00,2020-03-24,2020-03-30,1
20200317,CO,30.09,69.91,46.88,3.30,0.00,0.00,2020-03-17,2020-03-23,1
20200310,CO,30.09,69.91,46.88,3.30,0.00,0.00,2020-03-10,2020-03-16,1
20200303,CO,30.09,69.91,45.33,3.30,0.00,0.00,2020-03-03,2020-03-09,1
20200225,CO,30.09,69.91,42.77,3.30,0.00,0.00,2020-02-25,2020-03-02,1
20200218,CO,28.74,71.26,43.82,3.30,0.00,0.00,2020-02-18,2020-02-24,1
20200211,CO,27.72,72.28,43.82,3.30,0.00,0.00,2020-02-11,2020-02-17,1
20200204,CO,22.39,77.61,51.12,3.30,0.00,0.00,2020-02-04,2020-02-10,1
20200128,CO,22.39,77.61,51.19,3.30,0.00,0.00,2020-01-28,2020-02-03,1
20200121,CO,22.39,77.61,51.19,13.84,0.00,0.00,2020-01-21,2020-01-27,1
20200114,CO,31.72,68.28,51.19,13.84,0.00,0.00,2020-01-14,2020-01-20,1
20200107,CO,31.72,68.28,51.19,13.84,0.00,0.00,2020-01-07,2020-01-13,1
20191231,CO,31.72,68.28,51.19,20.11,0.00,0.00,2019-12-31,2020-01-06,1
20191224,CO,31.72,68.28,51.19,20.11,0.00,0.00,2019-12-24,2019-12-30,1
20191217,CO,31.72,68.28,51.19,20.11,0.00,0.00,2019-12-17,2019-12-23,1
20191210,CO,28.03,71.97,55.82,30.09,0.00,0.00,2019-12-10,2019-12-16,1
20191203,CO,28.20,71.80,55.90,30.26,0.00,0.00,2019-12-03,2019-12-09,1
20191126,CO,24.08,75.92,61.85,32.29,0.00,0.00,2019-11-26,2019-12-02,1
20191119,CO,25.19,74.81,59.95,32.23,0.00,0.00,2019-11-19,2019-11-25,1
20191112,CO,25.74,74.26,55.27,31.02,0.00,0.00,2019-11-12,2019-11-18,1
20191105,CO,18.73,81.27,58.24,27.41,0.00,0.00,2019-11-05,2019-11-11,1
20191029,CO,18.73,81.27,58.24,27.41,0.00,0.00,2019-10-29,2019-11-04,1
20191022,CO,11.64,88.36,60.76,27.41,0.00,0.00,2019-10-22,2019-10-28,1
20191015,CO,25.44,74.56,37.01,11.23,0.00,0.00,2019-10-15,2019-10-21,1
20191008,CO,25.48,74.52,37.01,11.23,0.00,0.00,2019-10-08,2019-10-14,1
20191001,CO,30.14,69.86,27.53,0.00,0.00,0.00,2019-10-01,2019-10-07,1
20190924,CO,34.06,65.94,10.81,0.00,0.00,0.00,2019-09-24,2019-09-30,1
20190917,CO,50.45,49.55,6.68,0.00,0.00,0.00,2019-09-17,2019-09-23,1
20190910,CO,50.45,49.55,6.68,0.00,0.00,0.00,2019-09-10,2019-09-16,1
20190903,CO,58.99,41.01,3.46,0.00,0.00,0.00,2019-09-03,2019-09-09,1
20190827,CO,80.47,19.53,1.98,0.00,0.00,0.00,2019-08-27,2019-09-02,1
20190820,CO,93.35,6.65,0.00,0.00,0.00,0.00,2019-08-20,2019-08-26,1
20190813,CO,93.35,6.65,0.00,0.00,0.00,0.00,2019-08-13,2019-08-19,1
20190806,CO,94.53,5.47,0.00,0.00,0.00,0.00,2019-08-06,2019-08-12,1
20190730,CO,95.32,4.68,0.00,0.00,0.00,0.00,2019-07-30,2019-08-05,1
20190723,CO,96.93,3.07,0.00,0.00,0.00,0.00,2019-07-23,2019-07-29,1
20190716,CO,100.00,0.00,0.00,0.00,0.00,0.00,2019-07-16,2019-07-22,1
20190709,CO,100.00,0.00,0.00,0.00,0.00,0.00,2019-07-09,2019-07-15,1
20190702,CO,100.00,0.00,0.00,0.00,0.00,0.00,2019-07-02,2019-07-08,1
20190625,CO,100.00,0.00,0.00,0.00,0.00,0.00,2019-06-25,2019-07-01,1
20190618,CO,100.00,0.00,0.00,0.00,0.00,0.00,2019-06-18,2019-06-24,1
20190611,CO,100.00,0.00,0.00,0.00,0.00,0.00,2019-06-11,2019-06-17,1
20190604,CO,100.00,0.00,0.00,0.00,0.00,0.00,2019-06-04,2019-06-10,1
20190528,CO,100.00,0.00,0.00,0.00,0.00,0.00,2019-05-28,2019-06-03,1
20190521,CO,99.99,0.01,0.00,0.00,0.00,0.00,2019-05-21,2019-05-27,1
20190514,CO,89.35,10.65,0.01,0.00,0.00,0.00,2019-05-14,2019-05-20,1
20190507,CO,84.23,15.77,0.59,0.00,0.00,0.00,2019-05-07,2019-05-13,1
20190430,CO,84.72,15.28,0.59,0.00,0.00,0.00,2019-04-30,2019-05-06,1
20190423,CO,78.01,21.99,0.98,0.00,0.00,0.00,2019-04-23,2019-04-29,1
20190416,CO,78.01,21.99,4.74,0.00,0.00,0.00,2019-04-16,2019-04-22,1
20190409,CO,78.01,21.99,4.74,0.00,0.00,0.00,2019-04-09,2019-04-15,1
20190402,CO,78.01,21.99,4.74,0.00,0.00,0.00,2019-04-02,2019-04-08,1
20190326,CO,74.78,25.22,4.74,0.00,0.00,0.00,2019-03-26,2019-04-01,1
20190319,CO,53.87,46.13,6.39,0.63,0.00,0.00,2019-03-19,2019-03-25,1
20190312,CO,17.00,83.00,25.44,6.26,0.58,0.00,2019-03-12,2019-03-18,1
20190305,CO,10.64,89.36,58.05,12.08,0.58,0.00,2019-03-05,2019-03-11,1
20190226,CO,10.64,89.36,62.26,35.26,0.59,0.00,2019-02-26,2019-03-04,1
20190219,CO,8.15,91.85,67.16,39.69,10.21,0.11,2019-02-19,2019-02-25,1
20190212,CO,8.15,91.85,67.16,39.69,21.84,0.11,2019-02-12,2019-02-18,1
20190205,CO,8.14,91.86,67.16,40.83,22.05,2.96,2019-02-05,2019-02-11,1
20190129,CO,15.91,84.09,66.35,41.02,22.04,2.79,2019-01-29,2019-02-04,1
20190122,CO,15.91,84.09,68.49,42.41,22.04,2.79,2019-01-22,2019-01-28,1
20190115,CO,15.91,84.09,68.49,53.00,25.35,10.51,2019-01-15,2019-01-21,1
20190108,CO,14.89,85.11,69.48,54.91,25.69,10.51,2019-01-08,2019-01-14,1
20190101,CO,17.94,82.06,66.26,54.91,27.11,11.22,2019-01-01,2019-01-07,1
20181225,CO,15.88,84.12,66.26,54.91,27.11,11.22,2018-12-25,2018-12-31,1
20181218,CO,17.10,82.90,66.26,54.82,27.11,11.22,2018-12-18,2018-12-24,1
20181211,CO,17.10,82.90,66.26,54.82,27.11,11.22,2018-12-11,2018-12-17,1
20181204,CO,17.10,82.90,66.26,54.82,27.11,11.22,2018-12-04,2018-12-10,1
20181127,CO,17.10,82.90,66.26,54.82,33.46,13.35,2018-11-27,2018-12-03,1
20181120,CO,17.10,82.90,66.26,54.82,34.13,13.35,2018-11-20,2018-11-26,1
20181113,CO,16.64,83.36,66.26,54.82,34.13,13.35,2018-11-13,2018-11-19,1
20181106,CO,16.64,83.36,66.80,54.82,35.19,13.37,2018-11-06,2018-11-12,1
20181030,CO,16.64,83.36,66.80,57.07,37.48,13.64,2018-10-30,2018-11-05,1
20181023,CO,16.64,83.36,67.83,59.23,39.09,13.64,2018-10-23,2018-10-29,1
20181016,CO,16.64,83.36,67.83,59.23,39.09,13.64,2018-10-16,2018-10-22,1
20181009,CO,16.64,83.36,70.27,59.71,41.26,13.64,2018-10-09,2018-10-15,1
20181002,CO,14.19,85.81,72.30,64.41,48.47,16.21,2018-10-02,2018-10-08,1
20180925,CO,14.19,85.81,72.30,64.41,48.47,16.21,2018-09-25,2018-10-01,1
20180918,CO,16.89,83.11,71.59,63.93,44.29,12.62,2018-09-18,2018-09-24,1
20180911,CO,19.99,80.01,71.39,63.93,44.29,9.72,2018-09-11,2018-09-17,1
20180904,CO,19.99,80.01,71.39,63.93,44.30,9.72,2018-09-04,2018-09-10,1
20180828,CO,18.57,81.43,72.80,64.63,44.30,8.50,2018-08-28,2018-09-03,1
20180821,CO,18.57,81.43,74.46,65.88,45.46,8.50,2018-08-21,2018-08-27,1
20180814,CO,18.63,81.37,75.86,65.91,45.46,8.50,2018-08-14,2018-08-20,1
20180807,CO,18.20,81.80,75.86,64.65,35.10,8.50,2018-08-07,2018-08-13,1
20180731,CO,17.95,82.05,76.56,66.29,43.53,10.17,2018-07-31,2018-08-06,1
20180724,CO,17.85,82.15,76.64,60.82,39.72,10.20,2018-07-24,2018-07-30,1
20180717,CO,17.50,82.50,76.96,60.62,40.08,13.32,2018-07-17,2018-07-23,1
20180710,CO,17.50,82.50,77.11,60.62,40.08,13.32,2018-07-10,2018-07-16,1
20180703,CO,20.46,79.54,67.30,52.31,36.46,8.81,2018-07-03,2018-07-09,1
20180626,CO,21.33,78.67,66.90,52.31,36.46,8.81,2018-06-26,2018-07-02,1
20180619,CO,21.33,78.67,66.90,50.67,34.19,7.79,2018-06-19,2018-06-25,1
20180612,CO,20.33,79.67,67.52,51.18,35.21,7.79,2018-06-12,2018-06-18,1
20180605,CO,24.69,75.31,63.91,50.80,35.13,7.79,2018-06-05,2018-06-11,1
20180529,CO,24.68,75.32,63.92,50.55,33.67,7.79,2018-05-29,2018-06-04,1
20180522,CO,21.40,78.60,65.10,50.77,33.67,7.79,2018-05-22,2018-05-28,1
20180515,CO,20.49,79.51,65.53,51.14,30.89,7.79,2018-05-15,2018-05-21,1
20180508,CO,18.02,81.98,67.98,51.57,30.89,7.40,2018-05-08,2018-05-14,1
20180501,CO,18.47,81.53,67.98,53.65,30.89,5.02,2018-05-01,2018-05-07,1
20180424,CO,18.47,81.53,67.98,53.65,30.89,3.87,2018-04-24,2018-04-30,1
20180417,CO,15.74,84.26,69.17,53.65,24.42,3.87,2018-04-17,2018-04-23,1
20180410,CO,12.38,87.62,69.43,53.65,24.31,0.00,2018-04-10,2018-04-16,1
20180403,CO,9.65,90.35,73.67,51.56,23.63,0.00,2018-04-03,2018-04-09,1
20180327,CO,9.65,90.35,73.50,48.55,20.61,0.00,2018-03-27,2018-04-02,1
20180320,CO,9.65,90.35,74.31,50.29,19.99,0.00,2018-03-20,2018-03-26,1
20180313,CO,10.16,89.84,70.75,47.44,13.44,0.00,2018-03-13,2018-03-19,1
20180306,CO,10.16,89.84,70.89,45.80,9.28,0.00,2018-03-06,2018-03-12,1
20180227,CO,10.16,89.84,70.89,33.51,7.62,0.00,2018-02-27,2018-03-05,1
20180220,CO,8.59,91.41,71.18,33.51,7.62,0.00,2018-02-20,2018-02-26,1
20180213,CO,8.59,91.41,71.18,33.51,0.00,0.00,2018-02-13,2018-02-19,1
20180206,CO,0.59,99.41,71.90,31.82,0.00,0.00,2018-02-06,2018-02-12,1
20180130,CO,0.59,99.41,75.90,29.21,0.00,0.00,2018-01-30,2018-02-05,1
20180123,CO,0.59,99.41,75.90,29.21,0.00,0.00,2018-01-23,2018-01-29,1
20180116,CO,0.59,99.41,75.90,23.23,0.00,0.00,2018-01-16,2018-01-22,1
20180109,CO,0.59,99.41,75.90,22.02,0.00,0.00,2018-01-09,2018-01-15,1
20180102,CO,6.57,93.43,33.53,7.27,0.00,0.00,2018-01-02,2018-01-08,1
20171226,CO,7.17,92.83,27.88,0.00,0.00,0.00,2017-12-26,2018-01-01,1
20171219,CO,7.17,92.83,27.13,0.00,0.00,0.00,2017-12-19,2017-12-25,1
20171212,CO,11.25,88.75,16.09,0.00,0.00,0.00,2017-12-12,2017-12-18,1
20171205,CO,66.96,33.04,15.99,0.00,0.00,0.00,2017-12-05,2017-12-11,1
20171128,CO,67.07,32.93,13.24,0.00,0.00,0.00,2017-11-28,2017-12-04,1
20171121,CO,71.23,28.77,9.82,0.00,0.00,0.00,2017-11-21,2017-11-27,1
20171114,CO,71.26,28.74,1.22,0.00,0.00,0.00,2017-11-14,2017-11-20,1
20171107,CO,71.26,28.74,1.22,0.00,0.00,0.00,2017-11-07,2017-11-13,1
20171031,CO,71.37,28.63,1.22,0.00,0.00,0.00,2017-10-31,2017-11-06,1
20171024,CO,71.57,28.43,1.12,0.00,0.00,0.00,2017-10-24,2017-10-30,1
20171017,CO,71.71,28.29,1.12,0.00,0.00,0.00,2017-10-17,2017-10-23,1
20171010,CO,78.81,21.19,1.12,0.00,0.00,0.00,2017-10-10,2017-10-16,1
20171003,CO,70.54,29.46,3.70,0.00,0.00,0.00,2017-10-03,2017-10-09,1
20170926,CO,67.63,32.37,3.72,0.00,0.00,0.00,2017-09-26,2017-10-02,1
20170919,CO,64.79,35.21,3.72,0.00,0.00,0.00,2017-09-19,2017-09-25,1
20170912,CO,64.81,35.19,3.72,0.00,0.00,0.00,2017-09-12,2017-09-18,1
20170905,CO,67.49,32.51,3.72,0.00,0.00,0.00,2017-09-05,2017-09-11,1
20170829,CO,81.29,18.71,0.00,0.00,0.00,0.00,2017-08-29,2017-09-04,1
20170822,CO,83.96,16.04,0.00,0.00,0.00,0.00,2017-08-22,2017-08-28,1
20170815,CO,85.18,14.82,0.00,0.00,0.00,0.00,2017-08-15,2017-08-21,1
20170808,CO,82.69,17.31,0.00,0.00,0.00,0.00,2017-08-08,2017-08-14,1
20170801,CO,79.02,20.98,0.00,0.00,0.00,0.00,2017-08-01,2017-08-07,1
20170725,CO,60.05,39.95,0.00,0.00,0.00,0.00,2017-07-25,2017-07-31,1
20170718,CO,64.47,35.53,0.00,0.00,0.00,0.00,2017-07-18,2017-07-24,1
20170711,CO,66.84,33.16,0.00,0.00,0.00,0.00,2017-07-11,2017-07-17,1
20170704,CO,85.58,14.42,0.00,0.00,0.00,0.00,2017-07-04,2017-07-10,1
20170627,CO,93.82,6.18,0.00,0.00,0.00,0.00,2017-06-27,2017-07-03,1
20170620,CO,94.11,5.89,0.00,0.00,0.00,0.00,2017-06-20,2017-06-26,1
20170613,CO,93.84,6.16,0.00,0.00,0.00,0.00,2017-06-13,2017-06-19,1
20170606,CO,93.84,6.16,0.00,0.00,0.00,0.00,2017-06-06,2017-06-12,1
20170530,CO,94.30,5.70,0.00,0.00,0.00,0.00,2017-05-30,2017-06-05,1
20170523,CO,94.30,5.70,0.00,0.00,0.00,0.00,2017-05-23,2017-05-29,1
20170516,CO,81.26,18.74,0.41,0.00,0.00,0.00,2017-05-16,2017-05-22,1
20170509,CO,87.62,12.38,2.19,0.00,0.00,0.00,2017-05-09,2017-05-15,1
20170502,CO,83.52,16.48,3.57,0.00,0.00,0.00,2017-05-02,2017-05-08,1
20170425,CO,64.25,35.75,8.73,0.00,0.00,0.00,2017-04-25,2017-05-01,1
20170418,CO,46.01,53.99,11.88,0.00,0.00,0.00,2017-04-18,2017-04-24,1
20170411,CO,51.89,48.11,19.46,0.00,0.00,0.00,2017-04-11,2017-04-17,1
20170404,CO,51.89,48.11,21.88,3.03,0.00,0.00,2017-04-04,2017-04-10,1
20170328,CO,49.49,50.51,23.25,3.22,0.20,0.00,2017-03-28,2017-04-03,1
20170321,CO,48.05,51.95,41.82,5.14,0.20,0.00,2017-03-21,2017-03-27,1
20170314,CO,48.05,51.95,41.82,4.43,0.20,0.00,2017-03-14,2017-03-20,1
20170307,CO,48.04,51.96,37.11,1.98,0.20,0.00,2017-03-07,2017-03-13,1
20170228,CO,48.04,51.96,36.92,1.64,0.00,0.00,2017-02-28,2017-03-06,1
20170221,CO,48.05,51.95,36.92,1.64,0.00,0.00,2017-02-21,2017-02-27,1
20170214,CO,46.88,53.12,36.92,0.75,0.00,0.00,2017-02-14,2017-02-20,1
20170207,CO,47.49,52.51,35.34,0.75,0.00,0.00,2017-02-07,2017-02-13,1
20170131,CO,47.49,52.51,35.34,0.75,0.00,0.00,2017-01-31,2017-02-06,1
20170124,CO,44.27,55.73,35.34,0.75,0.00,0.00,2017-01-24,2017-01-30,1
20170117,CO,44.17,55.83,35.34,0.75,0.00,0.00,2017-01-17,2017-01-23,1
20170110,CO,44.17,55.83,35.34,2.28,0.00,0.00,2017-01-10,2017-01-16,1
20170103,CO,31.88,68.12,37.21,2.88,0.00,0.00,2017-01-03,2017-01-09,1
20161227,CO,31.88,68.12,37.21,2.88,0.00,0.00,2016-12-27,2017-01-02,1
20161220,CO,1.66,98.34,38.38,2.88,0.00,0.00,2016-12-20,2016-12-26,1
20161213,CO,1.66,98.34,38.38,2.88,0.00,0.00,2016-12-13,2016-12-19,1
20161206,CO,1.60,98.40,38.29,2.77,0.00,0.00,2016-12-06,2016-12-12,1
20161129,CO,1.60,98.40,35.23,2.15,0.00,0.00,2016-11-29,2016-12-05,1
20161122,CO,1.60,98.40,35.21,2.15,0.00,0.00,2016-11-22,2016-11-28,1
20161115,CO,1.60,98.40,35.21,2.15,0.00,0.00,2016-11-15,2016-11-21,1
20161108,CO,1.60,98.40,30.84,0.00,0.00,0.00,2016-11-08,2016-11-14,1
20161101,CO,8.90,91.10,24.31,0.00,0.00,0.00,2016-11-01,2016-11-07,1
20161025,CO,35.46,64.54,5.83,0.00,0.00,0.00,2016-10-25,2016-10-31,1
20161018,CO,51.91,48.09,3.53,0.00,0.00,0.00,2016-10-18,2016-10-24,1
20161011,CO,75.77,24.23,2.45,0.00,0.00,0.00,2016-10-11,2016-10-17,1
20161004,CO,75.77,24.23,2.45,0.00,0.00,0.00,2016-10-04,2016-10-10,1
20160927,CO,70.49,29.51,2.45,0.00,0.00,0.00,2016-09-27,2016-10-03,1
20160920,CO,71.75,28.25,1.79,0.00,0.00,0.00,2016-09-20,2016-09-26,1
20160913,CO,71.75,28.25,1.79,0.00,0.00,0.00,2016-09-13,2016-09-19,1
20160906,CO,77.40,22.60,1.09,0.00,0.00,0.00,2016-09-06,2016-09-12,1
20160830,CO,77.40,22.60,1.09,0.00,0.00,0.00,2016-08-30,2016-09-05,1
20160823,CO,65.98,34.02,1.47,0.00,0.00,0.00,2016-08-23,2016-08-29,1
20160816,CO,71.05,28.95,1.47,0.00,0.00,0.00,2016-08-16,2016-08-22,1
20160809,CO,73.34,26.66,0.38,0.00,0.00,0.00,2016-08-09,2016-08-15,1
20160802,CO,80.95,19.05,0.38,0.00,0.00,0.00,2016-08-02,2016-08-08,1
20160726,CO,80.95,19.05,0.38,0.00,0.00,0.00,2016-07-26,2016-08-01,1
20160719,CO,81.13,18.87,0.00,0.00,0.00,0.00,2016-07-19,2016-07-25,1
20160712,CO,92.96,7.04,0.00,0.00,0.00,0.00,2016-07-12,2016-07-18,1
20160705,CO,94.76,5.24,0.00,0.00,0.00,0.00,2016-07-05,2016-07-11,1
20160628,CO,94.76,5.24,0.00,0.00,0.00,0.00,2016-06-28,2016-07-04,1
20160621,CO,94.76,5.24,0.00,0.00,0.00,0.00,2016-06-21,2016-06-27,1
20160614,CO,96.17,3.83,0.00,0.00,0.00,0.00,2016-06-14,2016-06-20,1
20160607,CO,96.17,3.83,0.00,0.00,0.00,0.00,2016-06-07,2016-06-13,1
20160531,CO,96.17,3.83,0.00,0.00,0.00,0.00,2016-05-31,2016-06-06,1
20160524,CO,96.17,3.83,0.00,0.00,0.00,0.00,2016-05-24,2016-05-30,1
20160517,CO,95.22,4.78,0.00,0.00,0.00,0.00,2016-05-17,2016-05-23,1
20160510,CO,95.22,4.78,0.00,0.00,0.00,0.00,2016-05-10,2016-05-16,1
20160503,CO,93.05,6.95,0.00,0.00,0.00,0.00,2016-05-03,2016-05-09,1
20160426,CO,74.64,25.36,2.09,0.00,0.00,0.00,2016-04-26,2016-05-02,1
20160419,CO,74.62,25.38,2.09,0.00,0.00,0.00,2016-04-19,2016-04-25,1
20160412,CO,70.41,29.59,7.75,0.35,0.00,0.00,2016-04-12,2016-04-18,1
20160405,CO,71.01,28.99,7.36,0.00,0.00,0.00,2016-04-05,2016-04-11,1
20160329,CO,68.55,31.45,4.39,0.00,0.00,0.00,2016-03-29,2016-04-04,1
20160322,CO,68.75,31.25,2.95,0.00,0.00,0.00,2016-03-22,2016-03-28,1
20160315,CO,72.25,27.75,0.03,0.00,0.00,0.00,2016-03-15,2016-03-21,1
20160308,CO,85.58,14.42,0.00,0.00,0.00,0.00,2016-03-08,2016-03-14,1
20160301,CO,91.03,8.97,0.00,0.00,0.00,0.00,2016-03-01,2016-03-07,1
20160223,CO,92.65,7.35,0.00,0.00,0.00,0.00,2016-02-23,2016-02-29,1
20160216,CO,92.65,7.35,0.00,0.00,0.00,0.00,2016-02-16,2016-02-22,1
20160209,CO,92.65,7.35,0.00,0.00,0.00,0.00,2016-02-09,2016-02-15,1
20160202,CO,89.95,10.05,0.00,0.00,0.00,0.00,2016-02-02,2016-02-08,1
20160126,CO,90.01,9.99,0.00,0.00,0.00,0.00,2016-01-26,2016-02-01,1
20160119,CO,90.01,9.99,0.00,0.00,0.00,0.00,2016-01-19,2016-01-25,1
20160112,CO,89.98,10.02,0.00,0.00,0.00,0.00,2016-01-12,2016-01-18,1
20160105,CO,90.02,9.98,0.00,0.00,0.00,0.00,2016-01-05,2016-01-11,1
20151229,CO,90.02,9.98,0.00,0.00,0.00,0.00,2015-12-29,2016-01-04,1
20151222,CO,88.11,11.89,0.00,0.00,0.00,0.00,2015-12-22,2015-12-28,1
20151215,CO,88.11,11.89,0.00,0.00,0.00,0.00,2015-12-15,2015-12-21,1
20151208,CO,84.47,15.53,0.00,0.00,0.00,0.00,2015-12-08,2015-12-14,1
20151201,CO,84.47,15.53,0.00,0.00,0.00,0.00,2015-12-01,2015-12-07,1
20151124,CO,82.89,17.11,0.00,0.00,0.00,0.00,2015-11-24,2015-11-30,1
20151117,CO,82.15,17.85,0.00,0.00,0.00,0.00,2015-11-17,2015-11-23,1
20151110,CO,79.91,20.09,0.00,0.00,0.00,0.00,2015-11-10,2015-11-16,1
20151103,CO,71.27,28.73,0.00,0.00,0.00,0.00,2015-11-03,2015-11-09,1
20151027,CO,68.15,31.85,0.00,0.00,0.00,0.00,2015-10-27,2015-11-02,1
20151020,CO,53.54,46.46,0.00,0.00,0.00,0.00,2015-10-20,2015-10-26,1
20151013,CO,65.61,34.39,0.00,0.00,0.00,0.00,2015-10-13,2015-10-19,1
20151006,CO,71.49,28.51,0.00,0.00,0.00,0.00,2015-10-06,2015-10-12,1
20150929,CO,71.49,28.51,0.00,0.00,0.00,0.00,2015-09-29,2015-10-05,1
20150922,CO,74.43,25.57,0.00,0.00,0.00,0.00,2015-09-22,2015-09-28,1
20150915,CO,89.49,10.51,0.00,0.00,0.00,0.00,2015-09-15,2015-09-21,1
20150908,CO,89.55,10.45,0.00,0.00,0.00,0.00,2015-09-08,2015-09-14,1
20150901,CO,97.01,2.99,0.00,0.00,0.00,0.00,2015-09-01,2015-09-07,1
20150825,CO,97.96,2.04,0.00,0.00,0.00,0.00,2015-08-25,2015-08-31,1
20150818,CO,97.96,2.04,0.00,0.00,0.00,0.00,2015-08-18,2015-08-24,1
20150811,CO,97.96,2.04,0.00,0.00,0.00,0.00,2015-08-11,2015-08-17,1
20150804,CO,97.95,2.05,0.00,0.00,0.00,0.00,2015-08-04,2015-08-10,1
20150728,CO,97.95,2.05,0.00,0.00,0.00,0.00,2015-07-28,2015-08-03,1
20150721,CO,97.96,2.04,0.00,0.00,0.00,0.00,2015-07-21,2015-07-27,1
20150714,CO,97.96,2.04,0.00,0.00,0.00,0.00,2015-07-14,2015-07-20,1
20150707,CO,74.22,25.78,0.00,0.00,0.00,0.00,2015-07-07,2015-07-13,1
20150630,CO,74.22,25.78,0.00,0.00,0.00,0.00,2015-06-30,2015-07-06,1
20150623,CO,74.22,25.78,0.00,0.00,0.00,0.00,2015-06-23,2015-06-29,1
20150616,CO,74.22,25.78,0.00,0.00,0.00,0.00,2015-06-16,2015-06-22,1
20150609,CO,60.25,39.75,2.81,0.00,0.00,0.00,2015-06-09,2015-06-15,1
20150602,CO,60.25,39.75,16.73,0.00,0.00,0.00,2015-06-02,2015-06-08,1
20150526,CO,58.23,41.77,16.96,0.00,0.00,0.00,2015-05-26,2015-06-01,1
20150519,CO,43.28,56.72,39.64,6.46,0.00,0.00,2015-05-19,2015-05-25,1
20150512,CO,42.49,57.51,49.14,20.25,0.00,0.00,2015-05-12,2015-05-18,1
20150505,CO,42.17,57.83,50.50,31.78,0.00,0.00,2015-05-05,2015-05-11,1
20150428,CO,41.76,58.24,50.86,35.92,0.00,0.00,2015-04-28,2015-05-04,1
20150421,CO,40.41,59.59,51.32,39.06,0.05,0.00,2015-04-21,2015-04-27,1
20150414,CO,25.49,74.51,51.74,39.75,0.00,0.00,2015-04-14,2015-04-20,1
20150407,CO,25.49,74.51,51.74,39.75,0.00,0.00,2015-04-07,2015-04-13,1
20150331,CO,32.22,67.78,51.74,39.75,0.00,0.00,2015-03-31,2015-04-06,1
20150324,CO,32.22,67.78,51.62,21.71,0.00,0.00,2015-03-24,2015-03-30,1
20150317,CO,36.34,63.66,51.51,12.20,0.00,0.00,2015-03-17,2015-03-23,1
20150310,CO,36.97,63.03,51.51,12.20,0.00,0.00,2015-03-10,2015-03-16,1
20150303,CO,36.97,63.03,51.46,12.20,0.00,0.00,2015-03-03,2015-03-09,1
20150224,CO,36.97,63.03,51.46,12.20,0.00,0.00,2015-02-24,2015-03-02,1
20150217,CO,36.97,63.03,51.46,12.20,0.00,0.00,2015-02-17,2015-02-23,1
20150210,CO,36.97,63.03,21.43,12.20,0.00,0.00,2015-02-10,2015-02-16,1
20150203,CO,36.97,63.03,21.43,12.26,0.00,0.00,2015-02-03,2015-02-09,1
20150127,CO,51.98,48.02,21.43,12.26,0.00,0.00,2015-01-27,2015-02-02,1
20150120,CO,69.87,30.13,21.43,12.26,0.00,0.00,2015-01-20,2015-01-26,1
20150113,CO,69.87,30.13,21.26,12.26,0.00,0.00,2015-01-13,2015-01-19,1
20150106,CO,69.87,30.13,21.26,12.26,0.00,0.00,2015-01-06,2015-01-12,1
20141230,CO,69.87,30.13,21.26,12.26,0.00,0.00,2014-12-30,2015-01-05,1
20141223,CO,69.87,30.13,21.26,12.26,0.00,0.00,2014-12-23,2014-12-29,1
20141216,CO,69.87,30.13,21.26,12.26,0.00,0.00,2014-12-16,2014-12-22,1
20141209,CO,69.87,30.13,21.26,12.26,0.00,0.00,2014-12-09,2014-12-15,1
20141202,CO,69.87,30.13,21.26,12.26,0.00,0.00,2014-12-02,2014-12-08,1
20141125,CO,69.87,30.13,21.26,12.26,0.00,0.00,2014-11-25,2014-12-01,1
20141118,CO,70.00,30.00,21.26,12.26,0.00,0.00,2014-11-18,2014-11-24,1
20141111,CO,70.00,30.00,21.26,12.26,0.00,0.00,2014-11-11,2014-11-17,1
20141104,CO,69.92,30.08,21.28,12.26,0.00,0.00,2014-11-04,2014-11-10,1
20141028,CO,69.94,30.06,21.28,12.26,0.00,0.00,2014-10-28,2014-11-03,1
20141021,CO,69.97,30.03,21.28,12.26,0.00,0.00,2014-10-21,2014-10-27,1
20141014,CO,69.97,30.03,21.28,12.26,0.00,0.00,2014-10-14,2014-10-20,1
20141007,CO,69.29,30.71,22.01,13.82,2.28,0.00,2014-10-07,2014-10-13,1
20140930,CO,68.96,31.04,22.94,13.82,2.31,0.00,2014-09-30,2014-10-06,1
20140923,CO,66.51,33.49,24.00,14.11,2.33,0.00,2014-09-23,2014-09-29,1
20140916,CO,63.98,36.02,25.12,15.56,2.67,0.00,2014-09-16,2014-09-22,1
20140909,CO,63.14,36.86,25.25,15.58,2.67,0.00,2014-09-09,2014-09-15,1
20140902,CO,63.14,36.86,25.35,15.58,2.67,0.00,2014-09-02,2014-09-08,1
20140826,CO,60.21,39.79,26.31,15.58,2.67,0.00,2014-08-26,2014-09-01,1
20140819,CO,59.90,40.10,26.79,15.58,2.67,0.00,2014-08-19,2014-08-25,1
20140812,CO,59.90,40.10,26.95,15.58,2.67,0.00,2014-08-12,2014-08-18,1
20140805,CO,59.92,40.08,26.96,15.52,2.67,0.52,2014-08-05,2014-08-11,1
20140729,CO,59.92,40.08,27.03,15.55,3.18,0.92,2014-07-29,2014-08-04,1
20140722,CO,59.92,40.08,26.66,15.55,3.74,0.92,2014-07-22,2014-07-28,1
20140715,CO,58.79,41.21,28.08,16.67,5.43,0.92,2014-07-15,2014-07-21,1
20140708,CO,54.12,45.88,29.88,17.30,7.99,1.22,2014-07-08,2014-07-14,1
20140701,CO,54.12,45.88,25.85,17.30,9.32,1.89,2014-07-01,2014-07-07,1
20140624,CO,50.84,49.16,26.49,17.30,9.32,1.89,2014-06-24,2014-06-30,1
20140617,CO,50.84,49.16,26.49,17.30,9.31,1.89,2014-06-17,2014-06-23,1
20140610,CO,50.86,49.14,25.38,16.56,9.33,1.89,2014-06-10,2014-06-16,1
20140603,CO,50.27,49.73,30.04,18.85,12.49,1.89,2014-06-03,2014-06-09,1
20140527,CO,44.71,55.29,30.04,18.86,12.49,1.93,2014-05-27,2014-06-02,1
20140520,CO,44.71,55.29,32.79,18.86,12.49,1.93,2014-05-20,2014-05-26,1
20140513,CO,44.71,55.29,32.79,18.86,12.49,1.91,2014-05-13,2014-05-19,1
20140506,CO,36.40,63.60,31.93,18.85,8.38,1.89,2014-05-06,2014-05-12,1
20140429,CO,36.40,63.60,29.64,18.77,8.38,1.89,2014-04-29,2014-05-05,1
20140422,CO,39.35,60.65,24.09,16.14,7.38,1.89,2014-04-22,2014-04-28,1
20140415,CO,38.49,61.51,24.29,16.14,6.87,1.47,2014-04-15,2014-04-21,1
20140408,CO,38.38,61.62,23.40,15.06,6.90,1.47,2014-04-08,2014-04-14,1
20140401,CO,38.38,61.62,23.40,14.93,6.90,1.47,2014-04-01,2014-04-07,1
20140325,CO,38.38,61.62,22.62,14.93,5.66,1.47,2014-03-25,2014-03-31,1
20140318,CO,38.90,61.10,21.62,13.69,5.58,1.47,2014-03-18,2014-03-24,1
20140311,CO,38.90,61.10,21.36,13.54,4.23,1.47,2014-03-11,2014-03-17,1
20140304,CO,27.67,72.33,22.33,13.54,4.23,1.47,2014-03-04,2014-03-10,1
20140225,CO,27.32,72.68,22.41,13.51,4.06,1.47,2014-02-25,2014-03-03,1
20140218,CO,25.06,74.94,22.62,13.82,4.06,1.47,2014-02-18,2014-02-24,1
20140211,CO,25.06,74.94,22.62,13.82,4.06,1.47,2014-02-11,2014-02-17,1
20140204,CO,25.06,74.94,22.62,13.82,4.06,1.47,2014-02-04,2014-02-10,1
20140128,CO,25.06,74.94,22.62,13.82,4.06,1.47,2014-01-28,2014-02-03,1
20140121,CO,31.96,68.04,22.52,13.56,4.01,1.47,2014-01-21,2014-01-27,1
20140114,CO,31.96,68.04,22.52,13.56,4.01,1.47,2014-01-14,2014-01-20,1
20140107,CO,32.04,67.96,22.33,13.56,4.01,1.47,2014-01-07,2014-01-13,1
20131231,CO,32.04,67.96,22.33,13.56,4.01,1.47,2013-12-31,2014-01-06,1
20131224,CO,32.04,67.96,22.33,13.56,4.66,1.47,2013-12-24,2013-12-30,1
20131217,CO,32.04,67.96,20.95,12.50,4.01,1.47,2013-12-17,2013-12-23,1
20131210,CO,32.04,67.96,20.95,12.02,4.01,1.47,2013-12-10,2013-12-16,1
20131203,CO,32.04,67.96,20.95,12.01,4.01,1.47,2013-12-03,2013-12-09,1
20131126,CO,32.04,67.96,20.95,12.01,4.01,1.47,2013-11-26,2013-12-02,1
20131119,CO,26.04,73.96,21.01,12.01,4.01,1.47,2013-11-19,2013-11-25,1
20131112,CO,26.04,73.96,21.01,12.01,4.01,1.47,2013-11-12,2013-11-18,1
20131105,CO,26.04,73.96,21.04,12.01,4.01,1.47,2013-11-05,2013-11-11,1
20131029,CO,24.82,75.18,26.62,12.01,4.01,1.47,2013-10-29,2013-11-04,1
20131022,CO,24.82,75.18,26.62,12.01,4.01,1.47,2013-10-22,2013-10-28,1
20131015,CO,24.72,75.28,33.43,12.01,4.01,1.47,2013-10-15,2013-10-21,1
20131008,CO,24.89,75.11,38.35,12.01,4.01,1.47,2013-10-08,2013-10-14,1
20131001,CO,24.91,75.09,37.88,12.01,4.01,1.47,2013-10-01,2013-10-07,1
20130924,CO,19.96,80.04,40.26,15.75,4.01,1.47,2013-09-24,2013-09-30,1
20130917,CO,15.79,84.21,64.59,16.99,4.01,1.47,2013-09-17,2013-09-23,1
20130910,CO,1.97,98.03,93.08,58.30,18.65,3.01,2013-09-10,2013-09-16,1
20130903,CO,1.91,98.09,93.75,59.65,21.67,3.01,2013-09-03,2013-09-09,1
20130827,CO,1.91,98.09,93.81,59.65,22.17,2.48,2013-08-27,2013-09-02,1
20130820,CO,1.53,98.47,93.81,61.74,25.07,2.90,2013-08-20,2013-08-26,1
20130813,CO,1.53,98.47,93.82,68.72,26.33,3.04,2013-08-13,2013-08-19,1
20130806,CO,0.00,100.00,93.43,71.62,27.18,8.18,2013-08-06,2013-08-12,1
20130730,CO,0.00,100.00,95.26,81.43,31.51,15.32,2013-07-30,2013-08-05,1
20130723,CO,0.00,100.00,95.49,83.12,31.17,16.72,2013-07-23,2013-07-29,1
20130716,CO,0.00,100.00,98.12,83.12,33.91,16.72,2013-07-16,2013-07-22,1
20130709,CO,0.00,100.00,100.00,83.12,39.20,17.54,2013-07-09,2013-07-15,1
20130702,CO,0.00,100.00,100.00,83.12,39.20,17.54,2013-07-02,2013-07-08,1
20130625,CO,0.00,100.00,100.00,79.46,39.21,17.54,2013-06-25,2013-07-01,1
20130618,CO,0.00,100.00,100.00,75.28,35.50,17.54,2013-06-18,2013-06-24,1
20130611,CO,0.00,100.00,93.18,72.19,26.51,15.91,2013-06-11,2013-06-17,1
20130604,CO,0.00,100.00,93.18,72.32,26.51,15.84,2013-06-04,2013-06-10,1
20130528,CO,0.00,100.00,93.18,71.71,23.85,15.84,2013-05-28,2013-06-03,1
20130521,CO,0.00,100.00,93.18,71.71,23.84,15.84,2013-05-21,2013-05-27,1
20130514,CO,0.00,100.00,93.18,71.71,24.53,15.84,2013-05-14,2013-05-20,1
20130507,CO,0.00,100.00,95.49,75.99,26.97,17.93,2013-05-07,2013-05-13,1
20130430,CO,0.00,100.00,100.00,78.08,26.98,17.51,2013-04-30,2013-05-06,1
20130423,CO,0.00,100.00,100.00,78.08,32.19,16.24,2013-04-23,2013-04-29,1
20130416,CO,0.00,100.00,100.00,84.78,38.37,13.63,2013-04-16,2013-04-22,1
20130409,CO,0.00,100.00,100.00,88.97,45.92,13.63,2013-04-09,2013-04-15,1
20130402,CO,0.00,100.00,100.00,88.97,45.98,13.83,2013-04-02,2013-04-08,1
20130326,CO,0.00,100.00,100.00,88.97,45.98,13.83,2013-03-26,2013-04-01,1
20130319,CO,0.00,100.00,100.00,88.97,48.06,21.22,2013-03-19,2013-03-25,1
20130312,CO,0.00,100.00,100.00,88.97,48.06,21.22,2013-03-12,2013-03-18,1
20130305,CO,0.00,100.00,100.00,88.99,48.04,21.22,2013-03-05,2013-03-11,1
20130226,CO,0.00,100.00,100.00,91.30,51.14,24.92,2013-02-26,2013-03-04,1
20130219,CO,0.00,100.00,100.00,91.30,51.14,24.92,2013-02-19,2013-02-25,1
20130212,CO,0.00,100.00,100.00,91.30,50.99,24.92,2013-02-12,2013-02-18,1
20130205,CO,0.00,100.00,100.00,100.00,54.29,24.92,2013-02-05,2013-02-11,1
20130129,CO,0.00,100.00,100.00,100.00,58.58,13.50,2013-01-29,2013-02-04,1
20130122,CO,0.00,100.00,100.00,100.00,58.64,13.50,2013-01-22,2013-01-28,1
20130115,CO,0.00,100.00,100.00,100.00,58.64,13.50,2013-01-15,2013-01-21,1
20130108,CO,0.00,100.00,100.00,95.06,53.47,13.48,2013-01-08,2013-01-14,1
20130101,CO,0.00,100.00,100.00,95.06,53.47,13.48,2013-01-01,2013-01-07,1
20121225,CO,0.00,100.00,100.00,95.06,53.47,13.48,2012-12-25,2012-12-31,1
20121218,CO,0.00,100.00,100.00,95.06,53.47,13.48,2012-12-18,2012-12-24,1
20121211,CO,0.00,100.00,100.00,95.06,53.43,13.48,2012-12-11,2012-12-17,1
20121204,CO,0.00,100.00,100.00,95.06,53.43,13.48,2012-12-04,2012-12-10,1
20121127,CO,0.00,100.00,100.00,93.27,51.05,12.56,2012-11-27,2012-12-03,1
20121120,CO,0.00,100.00,100.00,91.52,48.56,12.56,2012-11-20,2012-11-26,1
20121113,CO,0.00,100.00,100.00,91.52,48.56,12.50,2012-11-13,2012-11-19,1
20121106,CO,0.00,100.00,100.00,91.33,48.56,13.69,2012-11-06,2012-11-12,1
20121030,CO,0.00,100.00,100.00,91.33,51.05,14.01,2012-10-30,2012-11-05,1
20121023,CO,0.00,100.00,100.00,91.36,51.05,14.01,2012-10-23,2012-10-29,1
20121016,CO,0.00,100.00,100.00,91.36,51.05,14.01,2012-10-16,2012-10-22,1
20121009,CO,0.00,100.00,100.00,91.93,53.07,14.02,2012-10-09,2012-10-15,1
20121002,CO,0.00,100.00,100.00,97.91,55.48,16.40,2012-10-02,2012-10-08,1
20120925,CO,0.00,100.00,100.00,100.00,61.75,16.89,2012-09-25,2012-10-01,1
20120918,CO,0.00,100.00,100.00,100.00,61.75,16.89,2012-09-18,2012-09-24,1
20120911,CO,0.00,100.00,100.00,100.00,61.95,16.13,2012-09-11,2012-09-17,1
20120904,CO,0.00,100.00,100.00,100.00,64.08,13.76,2012-09-04,2012-09-10,1
20120828,CO,0.00,100.00,100.00,99.96,67.31,12.30,2012-08-28,2012-09-03,1
20120821,CO,0.00,100.00,100.00,99.96,68.38,9.64,2012-08-21,2012-08-27,1
20120814,CO,0.00,100.00,100.00,99.96,68.37,9.19,2012-08-14,2012-08-20,1
20120807,CO,0.00,100.00,100.00,99.96,65.46,5.67,2012-08-07,2012-08-13,1
20120731,CO,0.00,100.00,100.00,99.70,65.35,3.27,2012-07-31,2012-08-06,1
20120724,CO,0.00,100.00,100.00,99.70,73.67,2.82,2012-07-24,2012-07-30,1
20120717,CO,0.00,100.00,100.00,100.00,70.46,1.77,2012-07-17,2012-07-23,1
20120710,CO,0.00,100.00,100.00,99.98,70.46,5.52,2012-07-10,2012-07-16,1
20120703,CO,0.00,100.00,100.00,100.00,70.69,5.52,2012-07-03,2012-07-09,1
20120626,CO,0.00,100.00,100.00,97.72,45.83,0.00,2012-06-26,2012-07-02,1
20120619,CO,0.00,100.00,97.71,60.96,26.63,0.00,2012-06-19,2012-06-25,1
20120612,CO,0.00,100.00,90.92,43.07,20.24,0.00,2012-06-12,2012-06-18,1
20120605,CO,0.00,100.00,75.98,35.29,11.02,0.00,2012-06-05,2012-06-11,1
20120529,CO,0.00,100.00,75.98,34.43,9.89,0.00,2012-05-29,2012-06-04,1
20120522,CO,4.44,95.56,68.59,29.60,7.27,0.00,2012-05-22,2012-05-28,1
20120515,CO,5.15,94.85,64.57,28.49,0.00,0.00,2012-05-15,2012-05-21,1
20120508,CO,5.13,94.87,61.81,29.40,0.00,0.00,2012-05-08,2012-05-14,1
20120501,CO,5.17,94.83,61.66,29.40,0.00,0.00,2012-05-01,2012-05-07,1
20120424,CO,5.17,94.83,61.82,26.00,0.00,0.00,2012-04-24,2012-04-30,1
20120417,CO,5.17,94.83,59.85,25.93,0.00,0.00,2012-04-17,2012-04-23,1
20120410,CO,5.17,94.83,55.94,17.09,0.00,0.00,2012-04-10,2012-04-16,1
20120403,CO,0.00,100.00,55.48,18.50,0.15,0.00,2012-04-03,2012-04-09,1
20120327,CO,2.25,97.75,50.97,9.26,0.15,0.00,2012-03-27,2012-04-02,1
20120320,CO,28.97,71.03,42.60,8.37,0.21,0.00,2012-03-20,2012-03-26,1
20120313,CO,28.97,71.03,42.60,8.30,0.21,0.00,2012-03-13,2012-03-19,1
20120306,CO,29.81,70.19,41.22,8.41,0.21,0.00,2012-03-06,2012-03-12,1
20120228,CO,30.48,69.52,40.94,8.41,0.21,0.00,2012-02-28,2012-03-05,1
20120221,CO,30.48,69.52,41.16,10.67,0.21,0.00,2012-02-21,2012-02-27,1
20120214,CO,30.48,69.52,41.07,10.67,0.21,0.00,2012-02-14,2012-02-20,1
20120207,CO,30.48,69.52,41.07,10.60,0.21,0.00,2012-02-07,2012-02-13,1
20120131,CO,29.16,70.84,41.13,10.60,0.20,0.00,2012-01-31,2012-02-06,1
20120124,CO,29.16,70.84,41.13,10.60,0.20,0.00,2012-01-24,2012-01-30,1
20120117,CO,39.42,60.58,24.98,10.60,0.20,0.00,2012-01-17,2012-01-23,1
20120110,CO,58.24,41.76,24.98,10.60,0.04,0.00,2012-01-10,2012-01-16,1
20120103,CO,65.37,34.63,24.98,10.60,0.04,0.00,2012-01-03,2012-01-09,1
20111227,CO,67.79,32.21,24.98,14.94,0.04,0.00,2011-12-27,2012-01-02,1
20111220,CO,67.79,32.21,24.98,14.94,0.04,0.00,2011-12-20,2011-12-26,1
20111213,CO,67.79,32.21,24.98,14.94,1.33,0.16,2011-12-13,2011-12-19,1
20111206,CO,66.70,33.30,25.71,17.30,1.33,0.16,2011-12-06,2011-12-12,1
20111129,CO,65.96,34.04,26.04,17.43,1.65,0.39,2011-11-29,2011-12-05,1
20111122,CO,65.67,34.33,26.27,17.48,1.85,0.63,2011-11-22,2011-11-28,1
20111115,CO,65.67,34.33,26.27,17.48,1.85,0.63,2011-11-15,2011-11-21,1
20111108,CO,65.98,34.02,26.18,17.44,1.85,0.59,2011-11-08,2011-11-14,1
20111101,CO,64.45,35.55,27.52,19.88,3.11,0.57,2011-11-01,2011-11-07,1
20111025,CO,64.30,35.70,27.41,19.99,6.46,0.57,2011-10-25,2011-10-31,1
20111018,CO,64.30,35.70,27.41,19.99,6.46,0.57,2011-10-18,2011-10-24,1
20111011,CO,62.59,37.41,27.42,19.99,6.46,0.57,2011-10-11,2011-10-17,1
20111004,CO,60.65,39.35,27.69,19.99,7.89,0.57,2011-10-04,2011-10-10,1
20110927,CO,60.62,39.38,27.69,19.99,7.88,0.56,2011-09-27,2011-10-03,1
20110920,CO,60.62,39.38,27.69,19.99,7.88,0.56,2011-09-20,2011-09-26,1
20110913,CO,47.15,52.85,29.54,22.93,8.63,0.56,2011-09-13,2011-09-19,1
20110906,CO,51.00,49.00,29.10,22.93,8.70,1.51,2011-09-06,2011-09-12,1
20110830,CO,50.45,49.55,29.07,23.16,8.70,1.51,2011-08-30,2011-09-05,1
20110823,CO,56.44,43.56,28.66,23.06,11.94,1.19,2011-08-23,2011-08-29,1
20110816,CO,61.06,38.94,30.11,24.84,18.43,1.23,2011-08-16,2011-08-22,1
20110809,CO,61.06,38.94,30.11,24.84,18.37,1.45,2011-08-09,2011-08-15,1
20110802,CO,57.90,42.10,31.98,26.31,18.74,2.17,2011-08-02,2011-08-08,1
20110726,CO,55.80,44.20,32.29,26.55,18.53,2.17,2011-07-26,2011-08-01,1
20110719,CO,55.80,44.20,32.29,27.21,17.81,2.23,2011-07-19,2011-07-25,1
20110712,CO,54.57,45.43,32.64,27.21,16.88,2.22,2011-07-12,2011-07-18,1
20110705,CO,49.31,50.69,34.84,29.02,16.64,1.57,2011-07-05,2011-07-11,1
20110628,CO,49.91,50.09,34.36,28.89,16.64,0.91,2011-06-28,2011-07-04,1
20110621,CO,59.62,40.38,31.54,25.86,11.95,0.91,2011-06-21,2011-06-27,1
20110614,CO,58.84,41.16,31.89,26.50,13.01,0.91,2011-06-14,2011-06-20,1
20110607,CO,59.67,40.33,31.89,25.19,9.62,0.91,2011-06-07,2011-06-13,1
20110531,CO,59.67,40.33,31.89,25.19,7.78,0.91,2011-05-31,2011-06-06,1
20110524,CO,52.49,47.51,36.32,26.22,7.55,0.88,2011-05-24,2011-05-30,1
20110517,CO,42.60,57.40,45.12,31.10,7.53,0.34,2011-05-17,2011-05-23,1
20110510,CO,39.59,60.41,52.58,40.72,3.25,0.00,2011-05-10,2011-05-16,1
20110503,CO,39.57,60.43,52.55,40.72,3.24,0.00,2011-05-03,2011-05-09,1
20110426,CO,39.57,60.43,52.55,40.61,3.03,0.00,2011-04-26,2011-05-02,1
20110419,CO,39.57,60.43,54.13,42.86,1.12,0.00,2011-04-19,2011-04-25,1
20110412,CO,39.57,60.43,54.13,40.88,0.00,0.00,2011-04-12,2011-04-18,1
20110405,CO,40.11,59.89,54.20,41.58,0.00,0.00,2011-04-05,2011-04-11,1
20110329,CO,40.99,59.01,53.08,39.67,0.00,0.00,2011-03-29,2011-04-04,1
20110322,CO,40.99,59.01,52.02,39.60,0.00,0.00,2011-03-22,2011-03-28,1
20110315,CO,41.65,58.35,51.50,35.33,0.00,0.00,2011-03-15,2011-03-21,1
20110308,CO,41.65,58.35,52.08,35.24,0.00,0.00,2011-03-08,2011-03-14,1
20110301,CO,41.65,58.35,52.14,35.24,0.00,0.00,2011-03-01,2011-03-07,1
20110222,CO,41.65,58.35,50.64,8.93,0.00,0.00,2011-02-22,2011-02-28,1
20110215,CO,41.65,58.35,49.57,8.93,0.00,0.00,2011-02-15,2011-02-21,1
20110208,CO,41.65,58.35,49.57,10.13,0.00,0.00,2011-02-08,2011-02-14,1
20110201,CO,41.65,58.35,49.57,10.13,0.00,0.00,2011-02-01,2011-02-07,1
20110125,CO,41.65,58.35,49.57,10.13,0.00,0.00,2011-01-25,2011-01-31,1
20110118,CO,41.65,58.35,49.57,10.13,0.00,0.00,2011-01-18,2011-01-24,1
20110111,CO,41.48,58.52,49.57,10.13,0.00,0.00,2011-01-11,2011-01-17,1
20110104,CO,41.48,58.52,49.57,10.13,0.00,0.00,2011-01-04,2011-01-10,1
20101228,CO,40.40,59.60,49.57,10.13,0.00,0.00,2010-12-28,2011-01-03,1
20101221,CO,37.45,62.55,48.28,10.13,0.00,0.00,2010-12-21,2010-12-27,1
20101214,CO,35.20,64.80,48.80,10.07,0.00,0.00,2010-12-14,2010-12-20,1
20101207,CO,41.10,58.90,38.73,9.95,0.00,0.00,2010-12-07,2010-12-13,1
20101130,CO,39.79,60.21,38.73,9.95,0.00,0.00,2010-11-30,2010-12-06,1
20101123,CO,40.03,59.97,38.63,0.00,0.00,0.00,2010-11-23,2010-11-29,1
20101116,CO,30.29,69.71,38.67,0.00,0.00,0.00,2010-11-16,2010-11-22,1
20101109,CO,25.08,74.92,38.69,0.00,0.00,0.00,2010-11-09,2010-11-15,1
20101102,CO,30.27,69.73,27.85,0.00,0.00,0.00,2010-11-02,2010-11-08,1
20101026,CO,30.27,69.73,27.85,0.00,0.00,0.00,2010-10-26,2010-11-01,1
20101019,CO,28.31,71.69,17.85,0.00,0.00,0.00,2010-10-19,2010-10-25,1
20101012,CO,28.31,71.69,13.78,0.00,0.00,0.00,2010-10-12,2010-10-18,1
20101005,CO,28.86,71.14,13.78,0.00,0.00,0.00,2010-10-05,2010-10-11,1
20100928,CO,28.86,71.14,10.70,0.00,0.00,0.00,2010-09-28,2010-10-04,1
20100921,CO,46.23,53.77,0.00,0.00,0.00,0.00,2010-09-21,2010-09-27,1
20100914,CO,65.39,34.61,0.00,0.00,0.00,0.00,2010-09-14,2010-09-20,1
20100907,CO,73.83,26.17,0.00,0.00,0.00,0.00,2010-09-07,2010-09-13,1
20100831,CO,87.07,12.93,0.00,0.00,0.00,0.00,2010-08-31,2010-09-06,1
20100824,CO,87.07,12.93,0.00,0.00,0.00,0.00,2010-08-24,2010-08-30,1
20100817,CO,87.07,12.93,0.00,0.00,0.00,0.00,2010-08-17,2010-08-23,1
20100810,CO,83.63,16.37,0.00,0.00,0.00,0.00,2010-08-10,2010-08-16,1
20100803,CO,82.95,17.05,0.00,0.00,0.00,0.00,2010-08-03,2010-08-09,1
20100727,CO,78.84,21.16,0.00,0.00,0.00,0.00,2010-07-27,2010-08-02,1
20100720,CO,77.25,22.75,0.00,0.00,0.00,0.00,2010-07-20,2010-07-26,1
20100713,CO,77.80,22.20,0.00,0.00,0.00,0.00,2010-07-13,2010-07-19,1
20100706,CO,77.80,22.20,0.00,0.00,0.00,0.00,2010-07-06,2010-07-12,1
20100629,CO,77.76,22.24,0.00,0.00,0.00,0.00,2010-06-29,2010-07-05,1
20100622,CO,79.25,20.75,0.00,0.00,0.00,0.00,2010-06-22,2010-06-28,1
20100615,CO,84.38,15.62,0.00,0.00,0.00,0.00,2010-06-15,2010-06-21,1
20100608,CO,81.04,18.96,0.25,0.00,0.00,0.00,2010-06-08,2010-06-14,1
20100601,CO,83.28,16.72,0.23,0.00,0.00,0.00,2010-06-01,2010-06-07,1
20100525,CO,83.28,16.72,0.23,0.00,0.00,0.00,2010-05-25,2010-05-31,1
20100518,CO,82.75,17.25,1.93,0.00,0.00,0.00,2010-05-18,2010-05-24,1
20100511,CO,82.81,17.19,2.25,0.00,0.00,0.00,2010-05-11,2010-05-17,1
20100504,CO,82.75,17.25,2.25,0.00,0.00,0.00,2010-05-04,2010-05-10,1
20100427,CO,82.75,17.25,2.25,0.00,0.00,0.00,2010-04-27,2010-05-03,1
20100420,CO,82.75,17.25,2.25,0.00,0.00,0.00,2010-04-20,2010-04-26,1
20100413,CO,82.50,17.50,2.26,0.00,0.00,0.00,2010-04-13,2010-04-19,1
20100406,CO,81.63,18.37,2.90,0.00,0.00,0.00,2010-04-06,2010-04-12,1
20100330,CO,81.63,18.37,3.16,0.00,0.00,0.00,2010-03-30,2010-04-05,1
20100323,CO,79.15,20.85,3.86,0.00,0.00,0.00,2010-03-23,2010-03-29,1
20100316,CO,78.80,21.20,3.86,0.00,0.00,0.00,2010-03-16,2010-03-22,1
20100309,CO,79.46,20.54,0.24,0.00,0.00,0.00,2010-03-09,2010-03-15,1
20100302,CO,76.79,23.21,0.24,0.00,0.00,0.00,2010-03-02,2010-03-08,1
20100223,CO,76.79,23.21,0.24,0.00,0.00,0.00,2010-02-23,2010-03-01,1
20100216,CO,68.21,31.79,0.00,0.00,0.00,0.00,2010-02-16,2010-02-22,1
20100209,CO,68.18,31.82,0.00,0.00,0.00,0.00,2010-02-09,2010-02-15,1
20100202,CO,68.18,31.82,0.09,0.00,0.00,0.00,2010-02-02,2010-02-08,1
20100126,CO,67.38,32.62,0.39,0.00,0.00,0.00,2010-01-26,2010-02-01,1
20100119,CO,64.23,35.77,7.99,0.37,0.00,0.00,2010-01-19,2010-01-25,1
20100112,CO,64.23,35.77,7.99,0.37,0.00,0.00,2010-01-12,2010-01-18,1
20100105,CO,69.22,30.78,7.52,0.00,0.00,0.00,2010-01-05,2010-01-11,1
20091229,CO,69.22,30.78,7.52,0.00,0.00,0.00,2009-12-29,2010-01-04,1
20091222,CO,69.22,30.78,7.52,0.00,0.00,0.00,2009-12-22,2009-12-28,1
20091215,CO,69.22,30.78,7.52,0.00,0.00,0.00,2009-12-15,2009-12-21,1
20091208,CO,71.01,28.99,7.52,0.00,0.00,0.00,2009-12-08,2009-12-14,1
20091201,CO,70.99,29.01,7.52,0.00,0.00,0.00,2009-12-01,2009-12-07,1
20091124,CO,70.99,29.01,7.52,0.00,0.00,0.00,2009-11-24,2009-11-30,1
20091117,CO,74.87,25.13,6.75,0.00,0.00,0.00,2009-11-17,2009-11-23,1
20091110,CO,74.87,25.13,6.75,0.00,0.00,0.00,2009-11-10,2009-11-16,1
20091103,CO,75.19,24.81,6.81,0.00,0.00,0.00,2009-11-03,2009-11-09,1
20091027,CO,75.19,24.81,6.81,0.00,0.00,0.00,2009-10-27,2009-11-02,1
20091020,CO,68.85,31.15,6.81,1.50,0.00,0.00,2009-10-20,2009-10-26,1
20091013,CO,68.85,31.15,6.81,1.50,0.00,0.00,2009-10-13,2009-10-19,1
20091006,CO,68.85,31.15,3.49,0.00,0.00,0.00,2009-10-06,2009-10-12,1
20090929,CO,68.85,31.15,3.49,0.00,0.00,0.00,2009-09-29,2009-10-05,1
20090922,CO,68.85,31.15,2.07,0.00,0.00,0.00,2009-09-22,2009-09-28,1
20090915,CO,54.19,45.81,0.10,0.00,0.00,0.00,2009-09-15,2009-09-21,1
20090908,CO,54.05,45.95,0.34,0.00,0.00,0.00,2009-09-08,2009-09-14,1
20090901,CO,75.14,24.86,0.00,0.00,0.00,0.00,2009-09-01,2009-09-07,1
20090825,CO,79.93,20.07,0.00,0.00,0.00,0.00,2009-08-25,2009-08-31,1
20090818,CO,93.13,6.87,0.00,0.00,0.00,0.00,2009-08-18,2009-08-24,1
20090811,CO,93.13,6.87,0.00,0.00,0.00,0.00,2009-08-11,2009-08-17,1
20090804,CO,99.72,0.28,0.00,0.00,0.00,0.00,2009-08-04,2009-08-10,1
20090728,CO,99.72,0.28,0.00,0.00,0.00,0.00,2009-07-28,2009-08-03,1
20090721,CO,91.28,8.72,0.00,0.00,0.00,0.00,2009-07-21,2009-07-27,1
20090714,CO,91.28,8.72,0.00,0.00,0.00,0.00,2009-07-14,2009-07-20,1
20090707,CO,92.67,7.33,0.00,0.00,0.00,0.00,2009-07-07,2009-07-13,1
20090630,CO,86.61,13.39,0.00,0.00,0.00,0.00,2009-06-30,2009-07-06,1
20090623,CO,86.61,13.39,0.00,0.00,0.00,0.00,2009-06-23,2009-06-29,1
20090616,CO,86.05,13.95,0.00,0.00,0.00,0.00,2009-06-16,2009-06-22,1
20090609,CO,86.08,13.92,0.00,0.00,0.00,0.00,2009-06-09,2009-06-15,1
20090602,CO,86.08,13.92,0.00,0.00,0.00,0.00,2009-06-02,2009-06-08,1
20090526,CO,86.15,13.85,0.00,0.00,0.00,0.00,2009-05-26,2009-06-01,1
20090519,CO,56.12,43.88,6.47,0.00,0.00,0.00,2009-05-19,2009-05-25,1
20090512,CO,56.27,43.73,6.47,0.00,0.00,0.00,2009-05-12,2009-05-18,1
20090505,CO,55.82,44.18,6.47,0.00,0.00,0.00,2009-05-05,2009-05-11,1
20090428,CO,55.81,44.19,6.47,0.00,0.00,0.00,2009-04-28,2009-05-04,1
20090421,CO,55.81,44.19,6.47,0.00,0.00,0.00,2009-04-21,2009-04-27,1
20090414,CO,33.60,66.40,12.79,0.00,0.00,0.00,2009-04-14,2009-04-20,1
20090407,CO,36.81,63.19,12.79,0.00,0.00,0.00,2009-04-07,2009-04-13,1
20090331,CO,29.74,70.26,21.09,0.09,0.00,0.00,2009-03-31,2009-04-06,1
20090324,CO,29.74,70.26,24.71,0.07,0.00,0.00,2009-03-24,2009-03-30,1
20090317,CO,36.37,63.63,21.02,0.00,0.00,0.00,2009-03-17,2009-03-23,1
20090310,CO,36.37,63.63,15.19,0.00,0.00,0.00,2009-03-10,2009-03-16,1
20090303,CO,36.37,63.63,15.19,0.00,0.00,0.00,2009-03-03,2009-03-09,1
20090224,CO,36.83,63.17,6.19,0.00,0.00,0.00,2009-02-24,2009-03-02,1
20090217,CO,36.83,63.17,6.15,0.00,0.00,0.00,2009-02-17,2009-02-23,1
20090210,CO,36.83,63.17,6.15,0.00,0.00,0.00,2009-02-10,2009-02-16,1
20090203,CO,34.69,65.31,6.15,0.00,0.00,0.00,2009-02-03,2009-02-09,1
20090127,CO,34.60,65.40,6.15,0.00,0.00,0.00,2009-01-27,2009-02-02,1
20090120,CO,34.43,65.57,6.08,0.00,0.00,0.00,2009-01-20,2009-01-26,1
20090113,CO,34.43,65.57,6.08,0.00,0.00,0.00,2009-01-13,2009-01-19,1
20090106,CO,26.60,73.40,5.91,0.00,0.00,0.00,2009-01-06,2009-01-12,1
20081230,CO,23.00,77.00,5.91,0.00,0.00,0.00,2008-12-30,2009-01-05,1
20081223,CO,9.26,90.74,9.87,0.00,0.00,0.00,2008-12-23,2008-12-29,1
20081216,CO,9.26,90.74,9.87,0.00,0.00,0.00,2008-12-16,2008-12-22,1
20081209,CO,9.26,90.74,9.87,0.00,0.00,0.00,2008-12-09,2008-12-15,1
20081202,CO,9.26,90.74,9.87,0.00,0.00,0.00,2008-12-02,2008-12-08,1
20081125,CO,22.53,77.47,5.91,0.00,0.00,0.00,2008-11-25,2008-12-01,1
20081118,CO,22.53,77.47,5.91,0.00,0.00,0.00,2008-11-18,2008-11-24,1
20081111,CO,43.25,56.75,5.91,0.00,0.00,0.00,2008-11-11,2008-11-17,1
20081104,CO,43.19,56.81,6.05,0.00,0.00,0.00,2008-11-04,2008-11-10,1
20081028,CO,43.19,56.81,6.05,0.00,0.00,0.00,2008-10-28,2008-11-03,1
20081021,CO,43.14,56.86,6.13,0.00,0.00,0.00,2008-10-21,2008-10-27,1
20081014,CO,43.26,56.74,6.12,0.00,0.00,0.00,2008-10-14,2008-10-20,1
20081007,CO,43.04,56.96,12.69,3.36,0.00,0.00,2008-10-07,2008-10-13,1
20080930,CO,43.04,56.96,12.69,3.36,0.00,0.00,2008-09-30,2008-10-06,1
20080923,CO,43.04,56.96,12.69,3.36,0.00,0.00,2008-09-23,2008-09-29,1
20080916,CO,43.04,56.96,12.69,2.75,0.00,0.00,2008-09-16,2008-09-22,1
20080909,CO,42.09,57.91,17.90,3.68,0.00,0.00,2008-09-09,2008-09-15,1
20080902,CO,42.09,57.91,17.90,3.68,0.00,0.00,2008-09-02,2008-09-08,1
20080826,CO,42.09,57.91,17.90,3.68,0.00,0.00,2008-08-26,2008-09-01,1
20080819,CO,42.09,57.91,17.90,3.68,0.00,0.00,2008-08-19,2008-08-25,1
20080812,CO,32.92,67.08,38.93,10.87,3.29,0.00,2008-08-12,2008-08-18,1
20080805,CO,30.65,69.35,44.40,14.72,4.30,0.65,2008-08-05,2008-08-11,1
20080729,CO,47.11,52.89,35.95,11.59,4.30,0.65,2008-07-29,2008-08-04,1
20080722,CO,47.11,52.89,34.21,11.59,4.30,0.65,2008-07-22,2008-07-28,1
20080715,CO,47.35,52.65,27.54,10.74,2.47,0.74,2008-07-15,2008-07-21,1
20080708,CO,47.35,52.65,17.36,7.60,2.47,0.77,2008-07-08,2008-07-14,1
20080701,CO,47.35,52.65,21.78,7.60,2.47,0.22,2008-07-01,2008-07-07,1
20080624,CO,47.35,52.65,21.78,7.60,2.47,0.22,2008-06-24,2008-06-30,1
20080617,CO,47.35,52.65,21.78,7.60,2.47,0.22,2008-06-17,2008-06-23,1
20080610,CO,62.26,37.74,12.88,3.68,1.38,0.00,2008-06-10,2008-06-16,1
20080603,CO,64.69,35.31,12.76,2.19,0.44,0.00,2008-06-03,2008-06-09,1
20080527,CO,64.69,35.31,12.76,2.19,0.44,0.00,2008-05-27,2008-06-02,1
20080520,CO,63.58,36.42,18.78,2.54,0.48,0.00,2008-05-20,2008-05-26,1
20080513,CO,63.58,36.42,16.54,0.00,0.00,0.00,2008-05-13,2008-05-19,1
20080506,CO,63.58,36.42,16.54,0.00,0.00,0.00,2008-05-06,2008-05-12,1
20080429,CO,60.57,39.43,16.62,0.14,0.00,0.00,2008-04-29,2008-05-05,1
20080422,CO,60.67,39.33,16.62,0.00,0.00,0.00,2008-04-22,2008-04-28,1
20080415,CO,60.67,39.33,16.62,0.00,0.00,0.00,2008-04-15,2008-04-21,1
20080408,CO,61.48,38.52,16.98,0.00,0.00,0.00,2008-04-08,2008-04-14,1
20080401,CO,61.21,38.79,6.35,0.00,0.00,0.00,2008-04-01,2008-04-07,1
20080325,CO,61.21,38.79,6.35,0.00,0.00,0.00,2008-03-25,2008-03-31,1
20080318,CO,61.21,38.79,6.35,0.00,0.00,0.00,2008-03-18,2008-03-24,1
20080311,CO,61.21,38.79,6.06,0.00,0.00,0.00,2008-03-11,2008-03-17,1
20080304,CO,61.21,38.79,3.78,0.00,0.00,0.00,2008-03-04,2008-03-10,1
20080226,CO,59.36,40.64,3.79,0.00,0.00,0.00,2008-02-26,2008-03-03,1
20080219,CO,59.36,40.64,3.79,0.00,0.00,0.00,2008-02-19,2008-02-25,1
20080212,CO,59.36,40.64,3.79,0.00,0.00,0.00,2008-02-12,2008-02-18,1
20080205,CO,59.36,40.64,4.14,0.00,0.00,0.00,2008-02-05,2008-02-11,1
20080129,CO,59.36,40.64,4.14,0.00,0.00,0.00,2008-01-29,2008-02-04,1
20080122,CO,59.36,40.64,4.14,0.00,0.00,0.00,2008-01-22,2008-01-28,1
20080115,CO,59.36,40.64,4.15,0.00,0.00,0.00,2008-01-15,2008-01-21,1
20080108,CO,59.36,40.64,2.00,0.00,0.00,0.00,2008-01-08,2008-01-14,1
20080101,CO,59.33,40.67,2.03,0.00,0.00,0.00,2008-01-01,2008-01-07,1
20071225,CO,59.33,40.67,2.03,0.00,0.00,0.00,2007-12-25,2007-12-31,1
20071218,CO,59.33,40.67,2.03,0.00,0.00,0.00,2007-12-18,2007-12-24,1
20071211,CO,54.31,45.69,2.01,0.00,0.00,0.00,2007-12-11,2007-12-17,1
20071204,CO,50.41,49.59,2.01,0.00,0.00,0.00,2007-12-04,2007-12-10,1
20071127,CO,65.96,34.04,1.83,0.00,0.00,0.00,2007-11-27,2007-12-03,1
20071120,CO,65.96,34.04,1.41,0.00,0.00,0.00,2007-11-20,2007-11-26,1
20071113,CO,65.96,34.04,1.41,0.00,0.00,0.00,2007-11-13,2007-11-19,1
20071106,CO,80.49,19.51,1.41,0.00,0.00,0.00,2007-11-06,2007-11-12,1
20071030,CO,80.49,19.51,0.45,0.00,0.00,0.00,2007-10-30,2007-11-05,1
20071023,CO,80.49,19.51,0.45,0.00,0.00,0.00,2007-10-23,2007-10-29,1
20071016,CO,80.49,19.51,0.45,0.00,0.00,0.00,2007-10-16,2007-10-22,1
20071009,CO,80.39,19.61,0.45,0.00,0.00,0.00,2007-10-09,2007-10-15,1
20071002,CO,80.39,19.61,0.45,0.00,0.00,0.00,2007-10-02,2007-10-08,1
20070925,CO,60.36,39.64,2.02,0.14,0.00,0.00,2007-09-25,2007-10-01,1
20070918,CO,54.99,45.01,9.60,0.31,0.00,0.00,2007-09-18,2007-09-24,1
20070911,CO,54.90,45.10,9.60,0.31,0.00,0.00,2007-09-11,2007-09-17,1
20070904,CO,58.33,41.67,9.60,0.31,0.00,0.00,2007-09-04,2007-09-10,1
20070828,CO,58.33,41.67,9.60,0.61,0.00,0.00,2007-08-28,2007-09-03,1
20070821,CO,54.93,45.07,9.85,0.61,0.00,0.00,2007-08-21,2007-08-27,1
20070814,CO,58.33,41.67,16.01,0.61,0.00,0.00,2007-08-14,2007-08-20,1
20070807,CO,58.10,41.90,16.01,0.61,0.00,0.00,2007-08-07,2007-08-13,1
20070731,CO,52.25,47.75,21.00,2.29,0.00,0.00,2007-07-31,2007-08-06,1
20070724,CO,52.19,47.81,20.54,2.29,0.00,0.00,2007-07-24,2007-07-30,1
20070717,CO,56.04,43.96,17.72,2.05,0.00,0.00,2007-07-17,2007-07-23,1
20070710,CO,57.72,42.28,17.72,2.05,0.00,0.00,2007-07-10,2007-07-16,1
20070703,CO,63.34,36.66,17.72,2.05,0.00,0.00,2007-07-03,2007-07-09,1
20070626,CO,67.99,32.01,17.72,2.05,0.00,0.00,2007-06-26,2007-07-02,1
20070619,CO,67.69,32.31,17.72,2.05,0.00,0.00,2007-06-19,2007-06-25,1
20070612,CO,68.08,31.92,17.72,2.05,0.00,0.00,2007-06-12,2007-06-18,1
20070605,CO,67.76,32.24,17.73,2.05,0.00,0.00,2007-06-05,2007-06-11,1
20070529,CO,67.76,32.24,17.73,2.05,0.00,0.00,2007-05-29,2007-06-04,1
20070522,CO,67.76,32.24,18.33,2.05,0.00,0.00,2007-05-22,2007-05-28,1
20070515,CO,67.76,32.24,18.33,2.05,0.00,0.00,2007-05-15,2007-05-21,1
20070508,CO,67.76,32.24,18.33,1.49,0.00,0.00,2007-05-08,2007-05-14,1
20070501,CO,63.85,36.15,18.33,1.49,0.00,0.00,2007-05-01,2007-05-07,1
20070424,CO,58.17,41.83,21.05,1.49,0.00,0.00,2007-04-24,2007-04-30,1
20070417,CO,57.40,42.60,22.57,1.62,0.00,0.00,2007-04-17,2007-04-23,1
20070410,CO,54.84,45.16,22.31,1.04,0.00,0.00,2007-04-10,2007-04-16,1
20070403,CO,54.48,45.52,22.31,1.08,0.00,0.00,2007-04-03,2007-04-09,1
20070327,CO,55.19,44.81,23.28,1.47,0.00,0.00,2007-03-27,2007-04-02,1
20070320,CO,55.88,44.12,7.52,0.44,0.00,0.00,2007-03-20,2007-03-26,1
20070313,CO,77.35,22.65,7.25,0.44,0.00,0.00,2007-03-13,2007-03-19,1
20070306,CO,77.35,22.65,7.25,0.44,0.00,0.00,2007-03-06,2007-03-12,1
20070227,CO,77.35,22.65,6.49,0.44,0.00,0.00,2007-02-27,2007-03-05,1
20070220,CO,74.88,25.12,11.82,2.30,0.01,0.00,2007-02-20,2007-02-26,1
20070213,CO,74.88,25.12,11.82,2.30,0.01,0.00,2007-02-13,2007-02-19,1
20070206,CO,73.70,26.30,12.30,2.30,0.01,0.00,2007-02-06,2007-02-12,1
20070130,CO,73.83,26.17,12.30,2.30,0.01,0.00,2007-01-30,2007-02-05,1
20070123,CO,73.83,26.17,12.29,2.30,0.01,0.00,2007-01-23,2007-01-29,1
20070116,CO,73.98,26.02,12.29,2.30,0.01,0.00,2007-01-16,2007-01-22,1
20070109,CO,59.22,40.78,12.29,2.30,0.01,0.00,2007-01-09,2007-01-15,1
20070102,CO,59.47,40.53,15.75,2.18,0.01,0.00,2007-01-02,2007-01-08,1
20061226,CO,54.29,45.71,15.67,2.18,0.01,0.00,2006-12-26,2007-01-01,1
20061219,CO,46.20,53.80,21.67,7.06,0.01,0.00,2006-12-19,2006-12-25,1
20061212,CO,46.17,53.83,21.67,7.06,0.01,0.00,2006-12-12,2006-12-18,1
20061205,CO,43.31,56.69,24.51,7.06,0.01,0.00,2006-12-05,2006-12-11,1
20061128,CO,44.77,55.23,22.51,7.26,0.04,0.00,2006-11-28,2006-12-04,1
20061121,CO,46.67,53.33,21.64,6.88,0.04,0.00,2006-11-21,2006-11-27,1
20061114,CO,46.41,53.59,21.64,6.88,0.04,0.00,2006-11-14,2006-11-20,1
20061107,CO,46.41,53.59,21.64,6.88,0.04,0.00,2006-11-07,2006-11-13,1
20061031,CO,41.95,58.05,25.37,6.88,0.04,0.00,2006-10-31,2006-11-06,1
20061024,CO,26.34,73.66,31.12,8.64,0.04,0.00,2006-10-24,2006-10-30,1
20061017,CO,26.34,73.66,31.12,8.64,0.04,0.00,2006-10-17,2006-10-23,1
20061010,CO,26.34,73.66,31.12,8.64,0.03,0.00,2006-10-10,2006-10-16,1
20061003,CO,0.00,100.00,36.54,8.64,0.03,0.00,2006-10-03,2006-10-09,1
20060926,CO,0.00,100.00,36.54,8.64,0.03,0.00,2006-09-26,2006-10-02,1
20060919,CO,0.00,100.00,61.55,8.01,0.03,0.00,2006-09-19,2006-09-25,1
20060912,CO,0.00,100.00,70.31,16.62,4.12,0.00,2006-09-12,2006-09-18,1
20060905,CO,0.00,100.00,79.86,29.88,4.12,0.00,2006-09-05,2006-09-11,1
20060829,CO,0.00,100.00,79.86,29.88,4.12,0.00,2006-08-29,2006-09-04,1
20060822,CO,0.00,100.00,82.06,29.88,4.12,0.00,2006-08-22,2006-08-28,1
20060815,CO,0.00,100.00,85.21,29.88,4.16,0.00,2006-08-15,2006-08-21,1
20060808,CO,0.00,100.00,87.01,40.23,4.16,0.00,2006-08-08,2006-08-14,1
20060801,CO,0.00,100.00,91.98,37.09,6.98,0.00,2006-08-01,2006-08-07,1
20060725,CO,0.00,100.00,91.98,38.87,7.00,0.00,2006-07-25,2006-07-31,1
20060718,CO,0.00,100.00,91.98,38.88,7.00,0.00,2006-07-18,2006-07-24,1
20060711,CO,0.00,100.00,91.95,25.55,4.68,0.00,2006-07-11,2006-07-17,1
20060704,CO,0.00,100.00,93.41,62.61,16.92,0.00,2006-07-04,2006-07-10,1
20060627,CO,0.00,100.00,93.36,62.47,23.77,0.00,2006-06-27,2006-07-03,1
20060620,CO,0.00,100.00,76.72,62.47,23.62,0.00,2006-06-20,2006-06-26,1
20060613,CO,0.00,100.00,76.72,62.47,23.62,0.00,2006-06-13,2006-06-19,1
20060606,CO,0.00,100.00,72.84,60.82,11.44,0.00,2006-06-06,2006-06-12,1
20060530,CO,0.00,100.00,65.39,43.08,9.24,0.00,2006-05-30,2006-06-05,1
20060523,CO,21.61,78.39,59.87,32.41,6.15,0.00,2006-05-23,2006-05-29,1
20060516,CO,24.54,75.46,54.88,30.60,1.57,0.00,2006-05-16,2006-05-22,1
20060509,CO,24.54,75.46,54.88,23.57,0.52,0.00,2006-05-09,2006-05-15,1
20060502,CO,24.54,75.46,55.31,23.57,0.51,0.00,2006-05-02,2006-05-08,1
20060425,CO,25.98,74.02,56.53,22.43,0.04,0.00,2006-04-25,2006-05-01,1
20060418,CO,26.69,73.31,48.60,15.23,0.02,0.00,2006-04-18,2006-04-24,1
20060411,CO,27.02,72.98,48.60,6.62,0.02,0.00,2006-04-11,2006-04-17,1
20060404,CO,28.93,71.07,49.72,6.62,0.00,0.00,2006-04-04,2006-04-10,1
20060328,CO,29.45,70.55,32.18,6.62,0.00,0.00,2006-03-28,2006-04-03,1
20060321,CO,38.41,61.59,26.93,6.62,0.00,0.00,2006-03-21,2006-03-27,1
20060314,CO,38.41,61.59,27.20,6.62,0.00,0.00,2006-03-14,2006-03-20,1
20060307,CO,29.50,70.50,26.44,0.62,0.00,0.00,2006-03-07,2006-03-13,1
20060228,CO,29.33,70.67,24.93,0.08,0.00,0.00,2006-02-28,2006-03-06,1
20060221,CO,29.33,70.67,25.73,0.00,0.00,0.00,2006-02-21,2006-02-27,1
20060214,CO,29.26,70.74,25.19,0.00,0.00,0.00,2006-02-14,2006-02-20,1
20060207,CO,29.26,70.74,25.08,0.00,0.00,0.00,2006-02-07,2006-02-13,1
20060131,CO,29.26,70.74,25.40,0.00,0.00,0.00,2006-01-31,2006-02-06,1
20060124,CO,53.53,46.47,23.55,0.00,0.00,0.00,2006-01-24,2006-01-30,1
20060117,CO,54.78,45.22,23.55,0.00,0.00,0.00,2006-01-17,2006-01-23,1
20060110,CO,56.11,43.89,5.57,0.00,0.00,0.00,2006-01-10,2006-01-16,1
20060103,CO,59.12,40.88,3.45,0.00,0.00,0.00,2006-01-03,2006-01-09,1
20051227,CO,69.58,30.42,5.81,0.00,0.00,0.00,2005-12-27,2006-01-02,1
20051220,CO,69.58,30.42,5.81,0.00,0.00,0.00,2005-12-20,2005-12-26,1
20051213,CO,69.58,30.42,5.81,0.00,0.00,0.00,2005-12-13,2005-12-19,1
20051206,CO,69.58,30.42,5.81,0.00,0.00,0.00,2005-12-06,2005-12-12,1
20051129,CO,69.58,30.42,5.81,0.00,0.00,0.00,2005-11-29,2005-12-05,1
20051122,CO,69.90,30.10,5.81,0.00,0.00,0.00,2005-11-22,2005-11-28,1
20051115,CO,69.90,30.10,5.81,0.00,0.00,0.00,2005-11-15,2005-11-21,1
20051108,CO,69.90,30.10,5.81,0.00,0.00,0.00,2005-11-08,2005-11-14,1
20051101,CO,69.90,30.10,5.81,0.00,0.00,0.00,2005-11-01,2005-11-07,1
20051025,CO,69.90,30.10,5.81,0.00,0.00,0.00,2005-10-25,2005-10-31,1
20051018,CO,71.10,28.90,5.81,0.00,0.00,0.00,2005-10-18,2005-10-24,1
20051011,CO,71.07,28.93,5.81,0.00,0.00,0.00,2005-10-11,2005-10-17,1
20051004,CO,44.37,55.63,7.30,1.03,0.00,0.00,2005-10-04,2005-10-10,1
20050927,CO,50.85,49.15,7.89,1.03,0.00,0.00,2005-09-27,2005-10-03,1
20050920,CO,50.96,49.04,8.17,1.03,0.00,0.00,2005-09-20,2005-09-26,1
20050913,CO,51.21,48.79,8.06,1.03,0.00,0.00,2005-09-13,2005-09-19,1
20050906,CO,51.21,48.79,8.06,1.03,0.00,0.00,2005-09-06,2005-09-12,1
20050830,CO,51.12,48.88,8.06,1.03,0.00,0.00,2005-08-30,2005-09-05,1
20050823,CO,54.12,45.88,8.06,1.03,0.00,0.00,2005-08-23,2005-08-29,1
20050816,CO,51.06,48.94,8.06,1.03,0.00,0.00,2005-08-16,2005-08-22,1
20050809,CO,30.58,69.42,7.74,1.17,0.00,0.00,2005-08-09,2005-08-15,1
20050802,CO,27.54,72.46,7.74,1.17,0.00,0.00,2005-08-02,2005-08-08,1
20050726,CO,28.21,71.79,7.74,1.17,0.00,0.00,2005-07-26,2005-08-01,1
20050719,CO,75.88,24.12,7.74,1.17,0.00,0.00,2005-07-19,2005-07-25,1
20050712,CO,75.92,24.08,7.74,1.17,0.00,0.00,2005-07-12,2005-07-18,1
20050705,CO,77.08,22.92,7.74,1.17,0.00,0.00,2005-07-05,2005-07-11,1
20050628,CO,77.08,22.92,9.45,1.17,0.00,0.00,2005-06-28,2005-07-04,1
20050621,CO,76.46,23.54,11.23,1.17,0.00,0.00,2005-06-21,2005-06-27,1
20050614,CO,75.96,24.04,11.23,1.17,0.00,0.00,2005-06-14,2005-06-20,1
20050607,CO,63.99,36.01,11.23,1.17,0.00,0.00,2005-06-07,2005-06-13,1
20050531,CO,63.99,36.01,11.23,1.29,0.00,0.00,2005-05-31,2005-06-06,1
20050524,CO,63.99,36.01,11.23,1.29,0.00,0.00,2005-05-24,2005-05-30,1
20050517,CO,69.82,30.18,11.23,1.29,0.00,0.00,2005-05-17,2005-05-23,1
20050510,CO,69.22,30.78,11.54,1.28,0.00,0.00,2005-05-10,2005-05-16,1
20050503,CO,62.66,37.34,12.49,1.28,0.00,0.00,2005-05-03,2005-05-09,1
20050426,CO,57.19,42.81,14.21,2.71,0.00,0.00,2005-04-26,2005-05-02,1
20050419,CO,48.99,51.01,14.76,2.71,0.00,0.00,2005-04-19,2005-04-25,1
20050412,CO,48.99,51.01,14.77,2.71,0.00,0.00,2005-04-12,2005-04-18,1
20050405,CO,35.02,64.98,17.68,2.93,0.00,0.00,2005-04-05,2005-04-11,1
20050329,CO,22.45,77.55,18.95,3.42,0.00,0.00,2005-03-29,2005-04-04,1
20050322,CO,22.96,77.04,20.78,7.00,0.00,0.00,2005-03-22,2005-03-28,1
20050315,CO,22.96,77.04,20.78,7.00,0.00,0.00,2005-03-15,2005-03-21,1
20050308,CO,22.96,77.04,20.78,7.00,0.00,0.00,2005-03-08,2005-03-14,1
20050301,CO,22.96,77.04,20.78,7.00,0.00,0.00,2005-03-01,2005-03-07,1
20050222,CO,22.96,77.04,20.85,7.00,0.00,0.00,2005-02-22,2005-02-28,1
20050215,CO,25.34,74.66,20.85,7.00,0.00,0.00,2005-02-15,2005-02-21,1
20050208,CO,25.34,74.66,21.97,7.00,0.00,0.00,2005-02-08,2005-02-14,1
20050201,CO,23.98,76.02,27.73,8.71,0.00,0.00,2005-02-01,2005-02-07,1
20050125,CO,23.98,76.02,27.73,8.71,0.00,0.00,2005-01-25,2005-01-31,1
20050118,CO,23.97,76.03,27.73,8.71,0.00,0.00,2005-01-18,2005-01-24,1
20050111,CO,23.97,76.03,36.02,8.71,0.00,0.00,2005-01-11,2005-01-17,1
20050104,CO,23.97,76.03,39.31,8.37,0.00,0.00,2005-01-04,2005-01-10,1
20041228,CO,23.97,76.03,39.31,8.37,0.00,0.00,2004-12-28,2005-01-03,1
20041221,CO,23.97,76.03,39.31,8.37,0.00,0.00,2004-12-21,2004-12-27,1
20041214,CO,23.97,76.03,39.31,8.36,0.00,0.00,2004-12-14,2004-12-20,1
20041207,CO,23.97,76.03,39.60,8.44,0.00,0.00,2004-12-07,2004-12-13,1
20041130,CO,23.97,76.03,39.31,8.44,0.00,0.00,2004-11-30,2004-12-06,1
20041123,CO,22.61,77.39,51.34,13.60,4.94,0.00,2004-11-23,2004-11-29,1
20041116,CO,22.61,77.39,51.34,13.60,4.94,0.00,2004-11-16,2004-11-22,1
20041109,CO,22.61,77.39,51.34,14.48,4.94,0.00,2004-11-09,2004-11-15,1
20041102,CO,22.61,77.39,52.33,15.30,5.34,0.00,2004-11-02,2004-11-08,1
20041026,CO,22.72,77.28,52.33,16.39,5.41,0.00,2004-10-26,2004-11-01,1
20041019,CO,22.72,77.28,52.33,15.56,5.21,0.00,2004-10-19,2004-10-25,1
20041012,CO,21.52,78.48,53.76,15.84,5.21,0.00,2004-10-12,2004-10-18,1
20041005,CO,21.34,78.66,53.79,15.79,5.21,0.00,2004-10-05,2004-10-11,1
20040928,CO,20.52,79.48,54.39,15.85,5.21,0.00,2004-09-28,2004-10-04,1
20040921,CO,15.83,84.17,55.11,15.86,5.21,0.00,2004-09-21,2004-09-27,1
20040914,CO,15.82,84.18,56.75,15.86,5.21,0.00,2004-09-14,2004-09-20,1
20040907,CO,17.57,82.43,56.75,15.86,5.21,0.00,2004-09-07,2004-09-13,1
20040831,CO,17.62,82.38,56.75,17.39,6.89,0.00,2004-08-31,2004-09-06,1
20040824,CO,15.73,84.27,60.79,18.00,6.89,0.00,2004-08-24,2004-08-30,1
20040817,CO,3.10,96.90,65.26,18.90,6.89,0.00,2004-08-17,2004-08-23,1
20040810,CO,3.10,96.90,67.38,19.69,1.44,0.00,2004-08-10,2004-08-16,1
20040803,CO,0.33,99.67,78.40,28.57,1.44,0.00,2004-08-03,2004-08-09,1
20040727,CO,0.44,99.56,72.90,26.04,1.44,0.00,2004-07-27,2004-08-02,1
20040720,CO,0.00,100.00,81.91,43.53,1.38,0.00,2004-07-20,2004-07-26,1
20040713,CO,0.00,100.00,81.47,43.53,1.38,0.00,2004-07-13,2004-07-19,1
20040706,CO,0.00,100.00,80.62,43.46,1.38,0.00,2004-07-06,2004-07-12,1
20040629,CO,0.00,100.00,80.63,43.98,1.39,0.00,2004-06-29,2004-07-05,1
20040622,CO,0.00,100.00,94.92,54.35,1.50,0.00,2004-06-22,2004-06-28,1
20040615,CO,0.00,100.00,94.92,56.10,14.43,0.00,2004-06-15,2004-06-21,1
20040608,CO,0.00,100.00,94.79,56.05,14.30,0.00,2004-06-08,2004-06-14,1
20040601,CO,0.00,100.00,95.07,53.44,14.17,0.00,2004-06-01,2004-06-07,1
20040525,CO,0.00,100.00,93.75,53.93,14.17,0.00,2004-05-25,2004-05-31,1
20040518,CO,0.00,100.00,93.75,47.09,11.64,0.00,2004-05-18,2004-05-24,1
20040511,CO,0.00,100.00,93.75,47.09,11.64,0.00,2004-05-11,2004-05-17,1
20040504,CO,0.00,100.00,93.75,47.09,11.64,0.00,2004-05-04,2004-05-10,1
20040427,CO,0.00,100.00,93.75,47.09,14.44,0.00,2004-04-27,2004-05-03,1
20040420,CO,0.00,100.00,92.31,57.30,24.46,0.00,2004-04-20,2004-04-26,1
20040413,CO,0.00,100.00,92.31,57.30,24.46,0.00,2004-04-13,2004-04-19,1
20040406,CO,0.00,100.00,91.89,58.06,25.48,0.00,2004-04-06,2004-04-12,1
20040330,CO,0.00,100.00,94.61,61.13,26.39,0.00,2004-03-30,2004-04-05,1
20040323,CO,0.00,100.00,94.61,59.09,26.39,0.00,2004-03-23,2004-03-29,1
20040316,CO,0.00,100.00,75.66,56.31,26.09,0.00,2004-03-16,2004-03-22,1
20040309,CO,0.00,100.00,75.66,56.31,26.09,0.00,2004-03-09,2004-03-15,1
20040302,CO,0.00,100.00,75.66,56.27,27.89,0.00,2004-03-02,2004-03-08,1
20040224,CO,0.00,100.00,81.05,54.46,28.70,0.00,2004-02-24,2004-03-01,1
20040217,CO,0.00,100.00,81.05,54.46,28.70,0.00,2004-02-17,2004-02-23,1
20040210,CO,0.00,100.00,76.91,54.29,28.71,0.00,2004-02-10,2004-02-16,1
20040203,CO,0.00,100.00,76.91,54.29,28.71,0.00,2004-02-03,2004-02-09,1
20040127,CO,0.00,100.00,74.09,52.54,28.71,0.00,2004-01-27,2004-02-02,1
20040120,CO,0.00,100.00,74.01,52.54,28.71,0.00,2004-01-20,2004-01-26,1
20040113,CO,0.00,100.00,74.17,52.08,28.43,0.00,2004-01-13,2004-01-19,1
20040106,CO,0.00,100.00,73.76,51.81,28.56,0.00,2004-01-06,2004-01-12,1
20031230,CO,0.00,100.00,77.34,64.07,21.25,0.00,2003-12-30,2004-01-05,1
20031223,CO,0.00,100.00,81.14,63.23,18.27,0.00,2003-12-23,2003-12-29,1
20031216,CO,0.00,100.00,81.08,64.08,18.72,0.00,2003-12-16,2003-12-22,1
20031209,CO,0.00,100.00,81.14,64.67,16.67,0.00,2003-12-09,2003-12-15,1
20031202,CO,0.00,100.00,76.13,57.01,16.24,0.00,2003-12-02,2003-12-08,1
20031125,CO,0.00,100.00,76.59,56.60,18.42,0.00,2003-11-25,2003-12-01,1
20031118,CO,0.00,100.00,76.92,56.75,17.51,0.00,2003-11-18,2003-11-24,1
20031111,CO,0.00,100.00,77.30,58.74,18.79,0.00,2003-11-11,2003-11-17,1
20031104,CO,0.00,100.00,77.31,61.29,17.97,0.00,2003-11-04,2003-11-10,1
20031028,CO,0.00,100.00,79.73,67.60,17.79,0.00,2003-10-28,2003-11-03,1
20031021,CO,0.00,100.00,79.30,67.07,17.69,0.00,2003-10-21,2003-10-27,1
20031014,CO,0.00,100.00,78.56,67.06,18.30,0.00,2003-10-14,2003-10-20,1
20031007,CO,0.00,100.00,79.33,62.80,14.43,0.00,2003-10-07,2003-10-13,1
20030930,CO,0.00,100.00,79.12,61.74,14.43,0.00,2003-09-30,2003-10-06,1
20030923,CO,0.00,100.00,78.90,61.80,14.05,0.00,2003-09-23,2003-09-29,1
20030916,CO,0.00,100.00,78.97,62.35,13.92,0.00,2003-09-16,2003-09-22,1
20030909,CO,0.00,100.00,78.48,60.63,31.88,0.01,2003-09-09,2003-09-15,1
20030902,CO,0.00,100.00,100.00,68.98,34.05,0.00,2003-09-02,2003-09-08,1
20030826,CO,0.00,100.00,100.00,69.57,36.30,0.17,2003-08-26,2003-09-01,1
20030819,CO,0.00,100.00,100.00,64.11,36.05,0.03,2003-08-19,2003-08-25,1
20030812,CO,0.00,100.00,100.00,64.77,37.57,0.06,2003-08-12,2003-08-18,1
20030805,CO,0.00,100.00,100.00,61.04,37.86,0.10,2003-08-05,2003-08-11,1
20030729,CO,0.00,100.00,100.00,64.57,36.50,0.85,2003-07-29,2003-08-04,1
20030722,CO,0.00,100.00,87.09,63.75,36.55,0.71,2003-07-22,2003-07-28,1
20030715,CO,0.00,100.00,76.69,57.56,35.83,0.79,2003-07-15,2003-07-21,1
20030708,CO,22.36,77.64,64.49,54.51,31.31,0.85,2003-07-08,2003-07-14,1
20030701,CO,26.37,73.63,63.85,53.67,31.89,0.72,2003-07-01,2003-07-07,1
20030624,CO,26.13,73.87,64.20,53.83,31.72,0.78,2003-06-24,2003-06-30,1
20030617,CO,11.33,88.67,68.25,57.67,37.75,0.71,2003-06-17,2003-06-23,1
20030610,CO,2.16,97.84,71.55,60.12,37.78,0.77,2003-06-10,2003-06-16,1
20030603,CO,0.69,99.31,78.94,63.58,39.46,0.00,2003-06-03,2003-06-09,1
20030527,CO,0.00,100.00,82.35,65.76,45.07,0.00,2003-05-27,2003-06-02,1
20030520,CO,0.00,100.00,81.84,65.08,44.03,0.00,2003-05-20,2003-05-26,1
20030513,CO,0.00,100.00,100.00,72.50,52.32,0.00,2003-05-13,2003-05-19,1
20030506,CO,0.00,100.00,100.00,78.40,53.98,0.00,2003-05-06,2003-05-12,1
20030429,CO,0.00,100.00,99.47,80.51,54.95,0.00,2003-04-29,2003-05-05,1
20030422,CO,0.00,100.00,99.63,81.19,52.17,0.00,2003-04-22,2003-04-28,1
20030415,CO,0.00,100.00,99.70,81.50,54.75,0.00,2003-04-15,2003-04-21,1
20030408,CO,0.00,100.00,99.72,83.73,55.63,0.00,2003-04-08,2003-04-14,1
20030401,CO,0.00,100.00,99.67,84.76,55.72,3.70,2003-04-01,2003-04-07,1
20030325,CO,0.00,100.00,99.79,88.86,64.45,3.70,2003-03-25,2003-03-31,1
20030318,CO,0.00,100.00,99.75,98.82,69.97,7.27,2003-03-18,2003-03-24,1
20030311,CO,0.00,100.00,99.62,98.71,69.34,7.29,2003-03-11,2003-03-17,1
20030304,CO,0.02,99.98,99.14,98.74,74.59,7.45,2003-03-04,2003-03-10,1
20030225,CO,0.04,99.96,99.33,98.75,75.76,7.07,2003-02-25,2003-03-03,1
20030218,CO,0.07,99.93,99.61,99.13,75.59,7.09,2003-02-18,2003-02-24,1
20030211,CO,0.00,100.00,99.55,99.22,75.49,7.18,2003-02-11,2003-02-17,1
20030204,CO,0.01,99.99,99.44,98.98,75.04,6.71,2003-02-04,2003-02-10,1
20030128,CO,0.00,100.00,99.57,99.16,75.04,6.53,2003-01-28,2003-02-03,1
20030121,CO,0.00,100.00,99.78,99.05,72.12,6.37,2003-01-21,2003-01-27,1
20030114,CO,0.00,100.00,99.72,99.06,73.12,6.83,2003-01-14,2003-01-20,1
20030107,CO,0.00,100.00,99.70,99.30,73.37,6.62,2003-01-07,2003-01-13,1
20021231,CO,0.00,100.00,99.66,98.98,72.73,7.05,2002-12-31,2003-01-06,1
20021224,CO,0.00,100.00,99.66,99.12,72.65,7.06,2002-12-24,2002-12-30,1
20021217,CO,0.00,100.00,99.73,99.18,73.34,6.79,2002-12-17,2002-12-23,1
20021210,CO,0.00,100.00,99.70,99.14,72.51,6.62,2002-12-10,2002-12-16,1
20021203,CO,0.00,100.00,99.63,99.08,71.92,7.48,2002-12-03,2002-12-09,1
20021126,CO,0.00,100.00,99.66,99.09,72.37,7.17,2002-11-26,2002-12-02,1
20021119,CO,0.00,100.00,99.70,99.20,72.59,7.44,2002-11-19,2002-11-25,1
20021112,CO,0.00,100.00,99.68,99.25,72.08,7.04,2002-11-12,2002-11-18,1
20021105,CO,0.00,100.00,99.83,99.24,73.15,7.74,2002-11-05,2002-11-11,1
20021029,CO,0.00,100.00,100.00,99.76,77.26,7.50,2002-10-29,2002-11-04,1
20021022,CO,0.00,100.00,100.00,99.97,75.95,7.44,2002-10-22,2002-10-28,1
20021015,CO,0.00,100.00,100.00,99.96,75.28,7.54,2002-10-15,2002-10-21,1
20021008,CO,0.00,100.00,100.00,99.95,72.65,7.56,2002-10-08,2002-10-14,1
20021001,CO,0.00,100.00,100.00,99.95,80.26,25.14,2002-10-01,2002-10-07,1
20020924,CO,0.00,100.00,100.00,99.79,77.83,27.17,2002-09-24,2002-09-30,1
20020917,CO,0.00,100.00,100.00,99.80,78.29,31.02,2002-09-17,2002-09-23,1
20020910,CO,0.00,100.00,100.00,99.66,80.48,31.16,2002-09-10,2002-09-16,1
20020903,CO,0.00,100.00,100.00,100.00,82.35,32.82,2002-09-03,2002-09-09,1
20020827,CO,0.00,100.00,100.00,100.00,100.00,20.21,2002-08-27,2002-09-02,1
20020820,CO,0.00,100.00,100.00,100.00,100.00,19.79,2002-08-20,2002-08-26,1
20020813,CO,0.00,100.00,100.00,100.00,100.00,19.99,2002-08-13,2002-08-19,1
20020806,CO,0.00,100.00,100.00,100.00,100.00,20.12,2002-08-06,2002-08-12,1
20020730,CO,0.00,100.00,100.00,100.00,100.00,19.49,2002-07-30,2002-08-05,1
20020723,CO,0.00,100.00,100.00,100.00,100.00,33.61,2002-07-23,2002-07-29,1
20020716,CO,0.00,100.00,100.00,100.00,73.08,34.37,2002-07-16,2002-07-22,1
20020709,CO,0.00,100.00,100.00,100.00,71.96,33.44,2002-07-09,2002-07-15,1
20020702,CO,0.00,100.00,100.00,100.00,65.53,29.44,2002-07-02,2002-07-08,1
20020625,CO,0.00,100.00,100.00,100.00,60.08,13.81,2002-06-25,2002-07-01,1
20020618,CO,0.00,100.00,100.00,100.00,61.67,13.34,2002-06-18,2002-06-24,1
20020611,CO,0.00,100.00,100.00,100.00,68.13,9.26,2002-06-11,2002-06-17,1
20020604,CO,0.00,100.00,100.00,100.00,70.42,9.03,2002-06-04,2002-06-10,1
20020528,CO,0.00,100.00,100.00,100.00,78.03,9.16,2002-05-28,2002-06-03,1
20020521,CO,0.00,100.00,100.00,100.00,76.81,0.00,2002-05-21,2002-05-27,1
20020514,CO,0.00,100.00,100.00,100.00,76.44,0.00,2002-05-14,2002-05-20,1
20020507,CO,0.00,100.00,100.00,100.00,58.57,0.00,2002-05-07,2002-05-13,1
20020430,CO,0.00,100.00,100.00,100.00,58.53,0.00,2002-04-30,2002-05-06,1
20020423,CO,0.00,100.00,100.00,100.00,46.08,0.00,2002-04-23,2002-04-29,1
20020416,CO,0.00,100.00,100.00,69.49,0.00,0.00,2002-04-16,2002-04-22,1
20020409,CO,0.00,100.00,100.00,52.60,0.00,0.00,2002-04-09,2002-04-15,1
20020402,CO,0.00,100.00,100.00,47.92,0.00,0.00,2002-04-02,2002-04-08,1
20020326,CO,0.00,100.00,86.78,39.60,0.00,0.00,2002-03-26,2002-04-01,1
20020319,CO,0.00,100.00,79.55,35.51,0.00,0.00,2002-03-19,2002-03-25,1
20020312,CO,0.00,100.00,77.87,35.76,0.00,0.00,2002-03-12,2002-03-18,1
20020305,CO,0.00,100.00,76.02,0.21,0.00,0.00,2002-03-05,2002-03-11,1
20020226,CO,0.00,100.00,77.17,0.00,0.00,0.00,2002-02-26,2002-03-04,1
20020219,CO,0.00,100.00,77.00,0.00,0.00,0.00,2002-02-19,2002-02-25,1
20020212,CO,0.00,100.00,53.00,0.00,0.00,0.00,2002-02-12,2002-02-18,1
20020205,CO,0.56,99.44,44.58,0.00,0.00,0.00,2002-02-05,2002-02-11,1
20020129,CO,1.21,98.79,20.07,0.00,0.00,0.00,2002-01-29,2002-02-04,1
20020122,CO,1.32,98.68,13.88,0.00,0.00,0.00,2002-01-22,2002-01-28,1
20020115,CO,1.37,98.63,14.54,0.00,0.00,0.00,2002-01-15,2002-01-21,1
20020108,CO,1.48,98.52,14.00,0.00,0.00,0.00,2002-01-08,2002-01-14,1
20020101,CO,44.16,55.84,14.73,0.00,0.00,0.00,2002-01-01,2002-01-07,1
20011225,CO,47.13,52.87,11.19,0.00,0.00,0.00,2001-12-25,2001-12-31,1
20011218,CO,47.13,52.87,9.31,0.00,0.00,0.00,2001-12-18,2001-12-24,1
20011211,CO,46.83,53.17,3.97,0.00,0.00,0.00,2001-12-11,2001-12-17,1
20011204,CO,46.43,53.57,3.88,0.00,0.00,0.00,2001-12-04,2001-12-10,1
20011127,CO,47.91,52.09,4.45,0.00,0.00,0.00,2001-11-27,2001-12-03,1
20011120,CO,47.17,52.83,4.45,0.00,0.00,0.00,2001-11-20,2001-11-26,1
20011113,CO,47.10,52.90,4.64,0.00,0.00,0.00,2001-11-13,2001-11-19,1
20011106,CO,47.55,52.45,3.42,0.00,0.00,0.00,2001-11-06,2001-11-12,1
20011030,CO,52.70,47.30,2.48,0.00,0.00,0.00,2001-10-30,2001-11-05,1
20011023,CO,64.25,35.75,0.00,0.00,0.00,0.00,2001-10-23,2001-10-29,1
20011016,CO,64.74,35.26,0.00,0.00,0.00,0.00,2001-10-16,2001-10-22,1
20011009,CO,62.65,37.35,0.00,0.00,0.00,0.00,2001-10-09,2001-10-15,1
20011002,CO,62.65,37.35,0.00,0.00,0.00,0.00,2001-10-02,2001-10-08,1
20010925,CO,62.40,37.60,0.00,0.00,0.00,0.00,2001-09-25,2001-10-01,1
20010918,CO,59.71,40.29,0.00,0.00,0.00,0.00,2001-09-18,2001-09-24,1
20010911,CO,60.74,39.26,0.00,0.00,0.00,0.00,2001-09-11,2001-09-17,1
20010904,CO,92.33,7.67,0.00,0.00,0.00,0.00,2001-09-04,2001-09-10,1
20010828,CO,93.70,6.30,0.00,0.00,0.00,0.00,2001-08-28,2001-09-03,1
20010821,CO,93.97,6.03,0.00,0.00,0.00,0.00,2001-08-21,2001-08-27,1
20010814,CO,93.53,6.47,0.00,0.00,0.00,0.00,2001-08-14,2001-08-20,1
20010807,CO,94.59,5.41,0.00,0.00,0.00,0.00,2001-08-07,2001-08-13,1
20010731,CO,95.35,4.65,0.00,0.00,0.00,0.00,2001-07-31,2001-08-06,1
20010724,CO,95.35,4.65,0.00,0.00,0.00,0.00,2001-07-24,2001-07-30,1
20010717,CO,93.49,6.51,0.00,0.00,0.00,0.00,2001-07-17,2001-07-23,1
20010710,CO,85.16,14.84,0.34,0.00,0.00,0.00,2001-07-10,2001-07-16,1
20010703,CO,59.40,40.60,1.51,0.00,0.00,0.00,2001-07-03,2001-07-09,1
20010626,CO,64.81,35.19,0.00,0.00,0.00,0.00,2001-06-26,2001-07-02,1
20010619,CO,75.01,24.99,0.00,0.00,0.00,0.00,2001-06-19,2001-06-25,1
20010612,CO,81.64,18.36,0.00,0.00,0.00,0.00,2001-06-12,2001-06-18,1
20010605,CO,99.87,0.13,0.00,0.00,0.00,0.00,2001-06-05,2001-06-11,1
20010529,CO,99.87,0.13,0.00,0.00,0.00,0.00,2001-05-29,2001-06-04,1
20010522,CO,99.87,0.13,0.00,0.00,0.00,0.00,2001-05-22,2001-05-28,1
20010515,CO,99.87,0.13,0.00,0.00,0.00,0.00,2001-05-15,2001-05-21,1
20010508,CO,99.87,0.13,0.00,0.00,0.00,0.00,2001-05-08,2001-05-14,1
20010501,CO,99.74,0.26,0.00,0.00,0.00,0.00,2001-05-01,2001-05-07,1
20010424,CO,99.74,0.26,0.00,0.00,0.00,0.00,2001-04-24,2001-04-30,1
20010417,CO,97.14,2.86,0.00,0.00,0.00,0.00,2001-04-17,2001-04-23,1
20010410,CO,97.28,2.72,0.00,0.00,0.00,0.00,2001-04-10,2001-04-16,1
20010403,CO,97.28,2.72,0.00,0.00,0.00,0.00,2001-04-03,2001-04-09,1
20010327,CO,97.60,2.40,0.00,0.00,0.00,0.00,2001-03-27,2001-04-02,1
20010320,CO,97.60,2.40,0.00,0.00,0.00,0.00,2001-03-20,2001-03-26,1
20010313,CO,97.57,2.43,0.00,0.00,0.00,0.00,2001-03-13,2001-03-19,1
20010306,CO,99.40,0.60,0.00,0.00,0.00,0.00,2001-03-06,2001-03-12,1
20010227,CO,99.40,0.60,0.00,0.00,0.00,0.00,2001-02-27,2001-03-05,1
20010220,CO,99.40,0.60,0.00,0.00,0.00,0.00,2001-02-20,2001-02-26,1
20010213,CO,99.40,0.60,0.00,0.00,0.00,0.00,2001-02-13,2001-02-19,1
20010206,CO,99.28,0.72,0.00,0.00,0.00,0.00,2001-02-06,2001-02-12,1
20010130,CO,96.73,3.27,0.00,0.00,0.00,0.00,2001-01-30,2001-02-05,1
20010123,CO,96.61,3.39,0.00,0.00,0.00,0.00,2001-01-23,2001-01-29,1
20010116,CO,96.08,3.92,0.00,0.00,0.00,0.00,2001-01-16,2001-01-22,1
20010109,CO,96.08,3.92,0.00,0.00,0.00,0.00,2001-01-09,2001-01-15,1
20010102,CO,96.07,3.93,0.00,0.00,0.00,0.00,2001-01-02,2001-01-08,1
20001226,CO,96.07,3.93,0.00,0.00,0.00,0.00,2000-12-26,2001-01-01,1
20001219,CO,96.06,3.94,0.00,0.00,0.00,0.00,2000-12-19,2000-12-25,1
20001212,CO,86.07,13.93,0.00,0.00,0.00,0.00,2000-12-12,2000-12-18,1
20001205,CO,84.10,15.90,0.00,0.00,0.00,0.00,2000-12-05,2000-12-11,1
20001128,CO,74.66,25.34,0.00,0.00,0.00,0.00,2000-11-28,2000-12-04,1
20001121,CO,74.66,25.34,0.00,0.00,0.00,0.00,2000-11-21,2000-11-27,1
20001114,CO,74.88,25.12,0.00,0.00,0.00,0.00,2000-11-14,2000-11-20,1
20001107,CO,46.66,53.34,0.00,0.00,0.00,0.00,2000-11-07,2000-11-13,1
20001031,CO,8.93,91.07,26.26,0.00,0.00,0.00,2000-10-31,2000-11-06,1
20001024,CO,0.00,100.00,33.92,0.00,0.00,0.00,2000-10-24,2000-10-30,1
20001017,CO,30.29,69.71,15.99,1.48,0.00,0.00,2000-10-17,2000-10-23,1
20001010,CO,34.31,65.69,12.14,1.60,0.00,0.00,2000-10-10,2000-10-16,1
20001003,CO,34.54,65.46,12.14,1.78,0.00,0.00,2000-10-03,2000-10-09,1
20000926,CO,29.37,70.63,9.90,1.69,0.00,0.00,2000-09-26,2000-10-02,1
20000919,CO,29.64,70.36,11.93,4.47,0.23,0.00,2000-09-19,2000-09-25,1
20000912,CO,32.35,67.65,11.93,4.31,0.23,0.00,2000-09-12,2000-09-18,1
20000905,CO,32.35,67.65,10.36,2.27,0.05,0.00,2000-09-05,2000-09-11,1
20000829,CO,33.71,66.29,20.11,2.28,0.05,0.00,2000-08-29,2000-09-04,1
20000822,CO,37.42,62.58,20.46,2.28,0.04,0.00,2000-08-22,2000-08-28,1
20000815,CO,7.08,92.92,23.81,2.49,0.04,0.00,2000-08-15,2000-08-21,1
20000808,CO,5.45,94.55,21.73,2.36,0.00,0.00,2000-08-08,2000-08-14,1
20000801,CO,7.31,92.69,23.34,2.19,0.00,0.00,2000-08-01,2000-08-07,1
20000725,CO,7.31,92.69,22.31,2.19,0.00,0.00,2000-07-25,2000-07-31,1
20000718,CO,3.14,96.86,26.38,3.10,0.00,0.00,2000-07-18,2000-07-24,1
20000711,CO,0.60,99.40,39.80,3.31,0.02,0.00,2000-07-11,2000-07-17,1
20000704,CO,0.68,99.32,12.01,3.47,0.02,0.00,2000-07-04,2000-07-10,1
20000627,CO,0.00,100.00,6.17,1.55,0.00,0.00,2000-06-27,2000-07-03,1
20000620,CO,0.00,100.00,2.12,0.00,0.00,0.00,2000-06-20,2000-06-26,1
20000613,CO,20.86,79.14,0.46,0.00,0.00,0.00,2000-06-13,2000-06-19,1
20000606,CO,77.21,22.79,0.00,0.00,0.00,0.00,2000-06-06,2000-06-12,1
20000530,CO,98.31,1.69,0.00,0.00,0.00,0.00,2000-05-30,2000-06-05,1
20000523,CO,99.75,0.25,0.00,0.00,0.00,0.00,2000-05-23,2000-05-29,1
20000516,CO,99.57,0.43,0.00,0.00,0.00,0.00,2000-05-16,2000-05-22,1
20000509,CO,99.61,0.39,0.00,0.00,0.00,0.00,2000-05-09,2000-05-15,1
20000502,CO,99.61,0.39,0.00,0.00,0.00,0.00,2000-05-02,2000-05-08,1
20000425,CO,97.49,2.51,0.00,0.00,0.00,0.00,2000-04-25,2000-05-01,1
20000418,CO,95.29,4.71,0.00,0.00,0.00,0.00,2000-04-18,2000-04-24,1
20000411,CO,99.41,0.59,0.00,0.00,0.00,0.00,2000-04-11,2000-04-17,1
20000404,CO,99.41,0.59,0.00,0.00,0.00,0.00,2000-04-04,2000-04-10,1
20000328,CO,98.42,1.58,0.00,0.00,0.00,0.00,2000-03-28,2000-04-03,1
20000321,CO,97.06,2.94,0.00,0.00,0.00,0.00,2000-03-21,2000-03-27,1
20000314,CO,96.57,3.43,0.00,0.00,0.00,0.00,2000-03-14,2000-03-20,1
20000307,CO,93.52,6.48,0.00,0.00,0.00,0.00,2000-03-07,2000-03-13,1
20000229,CO,92.00,8.00,1.20,0.00,0.00,0.00,2000-02-29,2000-03-06,1
20000222,CO,93.06,6.94,0.09,0.00,0.00,0.00,2000-02-22,2000-02-28,1
20000215,CO,81.43,18.57,0.09,0.00,0.00,0.00,2000-02-15,2000-02-21,1
20000208,CO,73.87,26.13,0.09,0.00,0.00,0.00,2000-02-08,2000-02-14,1
20000201,CO,69.33,30.67,0.09,0.00,0.00,0.00,2000-02-01,2000-02-07,1
20000125,CO,43.98,56.02,0.00,0.00,0.00,0.00,2000-01-25,2000-01-31,1
20000118,CO,44.60,55.40,0.00,0.00,0.00,0.00,2000-01-18,2000-01-24,1
20000111,CO,61.24,38.76,0.00,0.00,0.00,0.00,2000-01-11,2000-01-17,1
20000104,CO,96.81,3.19,0.00,0.00,0.00,0.00,2000-01-04,2000-01-10,1
